Date,Close,daily_return,musk_high_impact_tweets,musk_avg_sentiment,musk_sentiment_std,musk_positive_count,musk_negative_count,musk_tweet_count,reddit_post_count,reddit_avg_sentiment
2017-11-10 00:00:00+00:00,0.0011630000080913305,-0.17809183680101548,0,0.3182,0.0,1,0,1,27,0.46775185185185186
2017-11-11 00:00:00+00:00,0.0012009999481961131,0.03267406693070152,0,0.0,0.0,0,0,0,31,0.46014516129032257
2017-11-12 00:00:00+00:00,0.0010379999876022339,-0.13572020618210945,0,0.063,0.08909545442950499,1,0,2,33,0.6651454545454545
2017-11-13 00:00:00+00:00,0.0012110000243410468,0.16666670405116357,0,0.6249,0.0,1,0,1,35,0.5792028571428572
2017-11-14 00:00:00+00:00,0.0011840000515803695,-0.02229560051030477,0,0.0,0.0,0,0,0,30,0.6070633333333333
2017-11-15 00:00:00+00:00,0.0013389999512583017,0.13091207172756691,0,-0.282725,0.39824275155571465,1,2,4,21,0.3792142857142857
2017-11-16 00:00:00+00:00,0.0013899999903514981,0.038088156049049804,0,0.0,0.0,0,0,0,27,0.5592037037037036
2017-11-17 00:00:00+00:00,0.0013129999861121178,-0.05539568688767316,0,0.0,0.0,0,0,2,24,0.46525833333333333
2017-11-18 00:00:00+00:00,0.0013729999773204327,0.04569687116751542,0,0.0,0.0,0,0,0,20,0.30890500000000004
2017-11-19 00:00:00+00:00,0.0013760000001639128,0.0021850130320721917,0,0.2714,0.6626585772477407,2,1,3,19,0.3003157894736842
2017-11-20 00:00:00+00:00,0.0013940000208094716,0.013081410351318823,0,0.4404,0.0,1,0,1,17,0.7107
2017-11-21 00:00:00+00:00,0.0013889999827370048,-0.0035868278320134728,0,0.8073,0.0,1,0,1,28,0.48778214285714283
2017-11-22 00:00:00+00:00,0.0018230000277981162,0.3124550399244215,0,0.0,0.0,0,0,0,44,0.5136636363636363
2017-11-23 00:00:00+00:00,0.0018909999635070562,0.03730111611192499,0,0.5148,0.0,1,0,1,67,0.4640805970149254
2017-11-24 00:00:00+00:00,0.0019079999765381217,0.00898995947072212,0,0.0,0.0,0,0,1,26,0.43828846153846157
2017-11-25 00:00:00+00:00,0.0020719999447464943,0.08595386280136874,0,0.7717,0.0,1,0,1,24,0.584875
2017-11-26 00:00:00+00:00,0.0020260000601410866,-0.022200717100422374,0,0.3952333333333333,0.3675954887282124,2,0,3,41,0.5620756097560976
2017-11-27 00:00:00+00:00,0.001988000003620982,-0.018756197133310115,0,0.36755,0.519794194850231,1,0,2,30,0.5859833333333333
2017-11-28 00:00:00+00:00,0.002363000065088272,0.18863182132004908,0,-0.06292,0.31560189638213515,1,2,5,24,0.5965041666666667
2017-11-29 00:00:00+00:00,0.0020800000056624413,-0.1197630349685408,0,0.0,0.0,0,0,0,42,0.576152380952381
2017-11-30 00:00:00+00:00,0.002078999998047948,-0.00048077289027448344,0,0.07875714285714286,0.2329832315650124,3,1,7,33,0.46777575757575757
2017-12-01 00:00:00+00:00,0.002148000057786703,0.03318906195456561,0,0.0,0.0,0,0,0,31,0.4844516129032258
2017-12-02 00:00:00+00:00,0.0021490000654011965,0.0004655528806287723,0,0.3738428571428571,0.22531946104100625,6,0,7,34,0.5168558823529412
2017-12-03 00:00:00+00:00,0.002222999930381775,0.034434556876927536,0,-0.01611538461538461,0.30094375677788987,4,3,13,38,0.5455368421052631
2017-12-04 00:00:00+00:00,0.0024629998952150345,0.10796220078695296,0,0.0,0.0,0,0,0,39,0.5480179487179486
2017-12-05 00:00:00+00:00,0.0024790000170469284,0.006496192656352928,0,0.0,0.0,0,0,0,68,0.5752661764705882
2017-12-06 00:00:00+00:00,0.0026630000211298466,0.07422347834515364,0,0.0,0.0,0,0,0,49,0.4759102040816327
2017-12-07 00:00:00+00:00,0.0027199999894946814,0.02140441904339574,0,0.0,0.0,0,0,1,76,0.4213960526315789
2017-12-08 00:00:00+00:00,0.002778999973088503,0.021691170522681658,0,0.13396666666666665,0.2320370731873106,1,0,3,60,0.5985166666666667
2017-12-09 00:00:00+00:00,0.002616999903693795,-0.05829437602140941,0,0.0,0.0,0,0,0,52,0.5265019230769231
2017-12-10 00:00:00+00:00,0.0025470000691711903,-0.02674812269721638,0,0.0,0.0,0,0,0,57,0.5224052631578947
2017-12-11 00:00:00+00:00,0.0027979998849332333,0.0985472355498287,0,0.055420000000000004,0.5466435922975774,2,2,5,70,0.5748742857142857
2017-12-12 00:00:00+00:00,0.00330400001257658,0.18084351267063092,0,0.0,0.0,0,0,1,80,0.62216125
2017-12-13 00:00:00+00:00,0.003461000043898821,0.047518169105515984,0,0.14239999999999997,0.9683120261568582,1,1,2,158,0.5728183544303798
2017-12-14 00:00:00+00:00,0.0037090000696480274,0.07165559740063854,0,0.42837499999999995,0.1700301419356776,4,0,4,131,0.5871389312977099
2017-12-15 00:00:00+00:00,0.0037620000075548887,0.014289548911194938,0,-0.35130000000000006,0.2890143595048523,0,4,5,112,0.5673205357142856
2017-12-16 00:00:00+00:00,0.005932999774813652,0.5770865930087556,0,0.0,0.0,0,0,2,212,0.5616650943396226
2017-12-17 00:00:00+00:00,0.00598399993032217,0.008596015075716057,0,0.3337666666666667,0.30545327520479026,2,0,3,290,0.4936620689655173
2017-12-18 00:00:00+00:00,0.006432999856770039,0.0750334110421178,0,0.0,0.0,0,0,0,140,0.5179378571428572
2017-12-19 00:00:00+00:00,0.005665999837219715,-0.11922898128827697,0,0.4926,0.0,1,0,1,159,0.5017245283018867
2017-12-20 00:00:00+00:00,0.006661000195890665,0.1756089635115825,0,0.09297142857142857,0.5416485721519866,2,1,7,127,0.5307842519685039
2017-12-21 00:00:00+00:00,0.007424999959766865,0.11469745404714593,0,0.050925,0.6012996804271712,5,5,12,267,0.5493273408239701
2017-12-22 00:00:00+00:00,0.006053999997675419,-0.1846464605414615,0,0.0,0.0,0,0,0,157,0.5853630573248407
2017-12-23 00:00:00+00:00,0.007259000092744827,0.19904197151174396,0,0.012211111111111105,0.3700219704437983,2,2,9,197,0.5681578680203045
2017-12-24 00:00:00+00:00,0.008581999689340591,0.18225645125946022,0,0.2004857142857143,0.29380957227752935,5,1,7,204,0.48791519607843137
2017-12-25 00:00:00+00:00,0.008930999785661697,0.04066652399843207,0,0.0,0.0,0,0,2,370,0.5902505405405405
2017-12-26 00:00:00+00:00,0.009410999715328217,0.05374537467094509,0,0.32975,0.3396599462564126,9,1,12,195,0.5064728205128205
2017-12-27 00:00:00+00:00,0.008871999569237232,-0.05727342071991404,0,0.0,0.0,0,0,1,201,0.5605149253731343
2017-12-28 00:00:00+00:00,0.008485999889671803,-0.04350763055758533,0,0.0,0.0,0,0,0,168,0.5620345238095238
2017-12-29 00:00:00+00:00,0.00939099956303835,0.10664620376297784,0,0.0,0.0,0,0,0,156,0.582451282051282
2017-12-30 00:00:00+00:00,0.007860000245273113,-0.1630283664149058,0,0.0,0.0,0,0,0,148,0.5537891891891892
2017-12-31 00:00:00+00:00,0.00897200033068657,0.141475833424076,0,0.0,0.0,0,0,0,163,0.5329049079754601
2018-01-01 00:00:00+00:00,0.00890900008380413,-0.007021873000490397,0,0.0,0.0,0,0,0,107,0.5955345794392524
2018-01-02 00:00:00+00:00,0.009145000018179417,0.02649005860986753,0,0.0,0.0,0,0,0,116,0.5321612068965517
2018-01-03 00:00:00+00:00,0.009320000186562538,0.01913615834174265,0,0.6636500000000001,0.28970164825212863,2,0,2,107,0.5727411214953271
2018-01-04 00:00:00+00:00,0.009643999859690666,0.03476391272988022,0,0.0,0.0,0,0,0,150,0.5694773333333333
2018-01-05 00:00:00+00:00,0.012167000211775303,0.2616134787216351,0,0.0,0.0,0,0,2,277,0.5887978339350181
2018-01-06 00:00:00+00:00,0.014863000251352787,0.2215829697256253,0,0.0,0.0,0,0,0,460,0.5588976086956522
2018-01-07 00:00:00+00:00,0.01708799973130226,0.14970056128115594,0,0.31572500000000003,0.39653890414434745,2,0,4,395,0.5459222784810126
2018-01-08 00:00:00+00:00,0.015045000240206718,-0.11955755636823429,0,0.3818,0.0,1,0,1,407,0.5228009828009827
2018-01-09 00:00:00+00:00,0.013419999741017818,-0.10800933687233838,0,0.1591,0.2250013777735594,1,0,2,280,0.4857585714285715
2018-01-10 00:00:00+00:00,0.013101999647915363,-0.02369598354987279,0,0.0,0.0,0,0,0,252,0.5192785714285715
2018-01-11 00:00:00+00:00,0.011469000019133091,-0.1246374349462066,0,0.0,0.0,0,0,0,206,0.525818932038835
2018-01-12 00:00:00+00:00,0.013055999763309956,0.13837298295661005,0,0.8705,0.0,1,0,1,185,0.5023843243243243
2018-01-13 00:00:00+00:00,0.013023000210523605,-0.0025275393217366604,0,0.7088,0.0,1,0,1,205,0.46041365853658534
2018-01-14 00:00:00+00:00,0.011683999560773373,-0.10281813930005279,0,0.0,0.0,0,0,0,199,0.4728085427135678
2018-01-15 00:00:00+00:00,0.009856999851763248,-0.15636766327379026,0,0.28945,0.40934411562889234,1,0,2,175,0.4600085714285714
2018-01-16 00:00:00+00:00,0.006821999792009592,-0.30790302377966927,0,0.0,0.0,0,0,0,173,0.5365132947976878
2018-01-17 00:00:00+00:00,0.007648000027984381,0.12107890078540584,0,0.0,0.0,0,0,0,157,0.4852656050955414
2018-01-18 00:00:00+00:00,0.00796900037676096,0.041971802772231115,0,0.0,0.0,0,0,1,212,0.5145042452830189
2018-01-19 00:00:00+00:00,0.007871000096201897,-0.012297688031845166,0,0.0,0.0,0,0,0,165,0.5888672727272727
2018-01-20 00:00:00+00:00,0.008448000065982342,0.07330707187500507,0,0.0,0.0,0,0,0,139,0.5207906474820144
2018-01-21 00:00:00+00:00,0.0071310000494122505,-0.15589488710745525,0,0.0,0.0,0,0,0,138,0.5683630434782608
2018-01-22 00:00:00+00:00,0.00673400005325675,-0.05567241528601896,0,0.0,0.0,0,0,0,132,0.47109772727272725
2018-01-23 00:00:00+00:00,0.006672999821603298,-0.009058543387440388,0,0.0,0.0,0,0,0,158,0.5478367088607595
2018-01-24 00:00:00+00:00,0.007083000149577856,0.06144168124315175,0,0.128,0.0,1,0,1,131,0.5423007633587786
2018-01-25 00:00:00+00:00,0.007666999939829111,0.08245090751354289,0,0.0,0.0,0,0,0,161,0.4921018633540373
2018-01-26 00:00:00+00:00,0.007236999925225973,-0.0560845204092596,0,0.0,0.0,0,0,0,121,0.48517438016528924
2018-01-27 00:00:00+00:00,0.007373000029474497,0.018792331857634625,0,0.4404,0.0,1,0,1,92,0.5789130434782609
2018-01-28 00:00:00+00:00,0.007464999798685312,0.012477928772960167,0,0.26860666666666666,0.24842948831945588,11,0,15,79,0.4832949367088608
2018-01-29 00:00:00+00:00,0.0069670001976192,-0.06671126784944015,0,0.1859875,0.3433454047519578,3,1,8,95,0.504101052631579
2018-01-30 00:00:00+00:00,0.006023999769240618,-0.13535243313195677,0,0.0,0.0,0,0,1,83,0.4921578313253012
2018-01-31 00:00:00+00:00,0.006010000128298998,-0.0023239776689740754,0,0.24095714285714287,0.2716892578979575,4,0,7,100,0.5142260000000001
2018-02-01 00:00:00+00:00,0.005028999876230955,-0.16322799186789605,0,0.14521666666666666,0.28238571788719535,3,1,6,109,0.4613357798165138
2018-02-02 00:00:00+00:00,0.004474999848753214,-0.11016107399329333,0,0.021179999999999997,0.248443478481525,1,1,5,103,0.4526242718446602
2018-02-03 00:00:00+00:00,0.005164000205695629,0.15396656541438292,0,0.024366666666666665,0.2618018398203751,1,1,3,93,0.5059322580645161
2018-02-04 00:00:00+00:00,0.004399000201374292,-0.1481409709235838,0,0.0,0.0,0,0,1,116,0.5360224137931034
2018-02-05 00:00:00+00:00,0.0035329998936504126,-0.19686298433297011,0,0.08533333333333333,0.22848098389143895,2,0,9,128,0.3497515625
2018-02-06 00:00:00+00:00,0.004360999912023544,0.23436174449402958,0,0.0673,0.18552018758075897,2,0,13,124,0.44785806451612903
2018-02-07 00:00:00+00:00,0.004296999890357256,-0.014675538398851273,0,0.35984,0.22260679010308737,4,0,5,96,0.3945916666666667
2018-02-08 00:00:00+00:00,0.00456599984318018,0.06260180583820274,0,0.0,0.0,0,0,0,95,0.35699263157894734
2018-02-09 00:00:00+00:00,0.004999999888241291,0.09505038545048095,0,0.0,0.0,0,0,0,110,0.49579090909090906
2018-02-10 00:00:00+00:00,0.004989000037312508,-0.0021999702349299044,0,0.0,0.0,0,0,0,121,0.48154876033057853
2018-02-11 00:00:00+00:00,0.00495600001886487,-0.006614555662624144,0,0.3327,0.3194050563156445,2,0,3,105,0.45679333333333333
2018-02-12 00:00:00+00:00,0.0054720002226531506,0.10411626348348269,0,0.022721428571428576,0.3817480243837276,6,4,14,112,0.50156875
2018-02-13 00:00:00+00:00,0.005638000089675188,0.030336231774046096,0,0.0,0.0,0,0,0,96,0.5145458333333334
2018-02-14 00:00:00+00:00,0.006730000022798777,0.193685689208015,0,0.0,0.0,0,0,0,136,0.5273323529411765
2018-02-15 00:00:00+00:00,0.007346999831497669,0.09167902029847297,0,0.0,0.0,0,0,0,151,0.5809814569536423
2018-02-16 00:00:00+00:00,0.007034000009298325,-0.04260239953422462,0,-0.6908,0.0,0,1,1,142,0.5168619718309859
2018-02-17 00:00:00+00:00,0.0070489998906850815,0.0021324824235042783,0,0.0,0.0,0,0,2,102,0.37362745098039213
2018-02-18 00:00:00+00:00,0.006424000021070242,-0.08866504175163159,0,0.3182,0.0,1,0,1,100,0.531204
2018-02-19 00:00:00+00:00,0.006697000004351139,0.04249688393298223,0,0.0,0.0,0,0,0,123,0.49375772357723574
2018-02-20 00:00:00+00:00,0.0070940000005066395,0.05928027413730974,0,-0.5214,0.0,0,1,1,132,0.46634545454545456
2018-02-21 00:00:00+00:00,0.006581000052392483,-0.07231462476424011,0,0.29406,0.37815372932181957,3,1,5,118,0.45526525423728814
2018-02-22 00:00:00+00:00,0.006258999928832054,-0.04892875262071561,0,0.09670769230769231,0.34374070281133534,4,2,13,110,0.42405909090909094
2018-02-23 00:00:00+00:00,0.006647999864071608,0.06215049363519354,0,0.0,0.0,0,0,0,122,0.4503147540983607
2018-02-24 00:00:00+00:00,0.0063240001909434795,-0.04873641392189987,0,0.4201,0.0,1,0,1,86,0.39865232558139535
2018-02-25 00:00:00+00:00,0.006142000202089548,-0.02877925100549039,0,0.0,0.5683724307177469,1,1,2,73,0.4390164383561644
2018-02-26 00:00:00+00:00,0.0063390000723302364,0.03207422073572519,0,0.0,0.0,0,0,0,80,0.36913625
2018-02-27 00:00:00+00:00,0.006291000172495842,-0.0075721563790343005,0,0.22498333333333334,0.4498998084759169,4,1,6,81,0.5234320987654321
2018-02-28 00:00:00+00:00,0.006018000189214945,-0.04339532280963032,0,0.0,0.0,0,0,1,73,0.5203219178082191
2018-03-01 00:00:00+00:00,0.006215000059455633,0.03273510535837776,0,0.0,0.0,0,0,0,63,0.4611079365079365
2018-03-02 00:00:00+00:00,0.005481999833136797,-0.11794050189969574,0,0.0,0.0,0,0,0,93,0.43838494623655916
2018-03-03 00:00:00+00:00,0.0053010000847280025,-0.03301710213756548,0,-0.3182,0.0,0,1,1,82,0.43583536585365856
2018-03-04 00:00:00+00:00,0.005501999985426664,0.037917354741746845,0,-0.013624999999999998,0.5569931200951529,2,1,4,126,0.42385555555555554
2018-03-05 00:00:00+00:00,0.005218000151216984,-0.051617563606310535,0,0.0,0.0,0,0,1,110,0.5272290909090909
2018-03-06 00:00:00+00:00,0.004610000178217888,-0.11651973081244416,0,0.2919,0.41280893885670644,1,0,2,99,0.48303333333333337
2018-03-07 00:00:00+00:00,0.004023999907076359,-0.1271150213638521,0,0.28297999999999995,0.26552104812989874,3,0,5,85,0.4720811764705882
2018-03-08 00:00:00+00:00,0.004025000147521496,0.00024856870482969917,0,0.1660625,0.3273055275928855,3,1,8,108,0.4562592592592593
2018-03-09 00:00:00+00:00,0.004145999904721975,0.03006205037656673,0,0.2808727272727273,0.30601765011485554,8,1,11,89,0.4724179775280899
2018-03-10 00:00:00+00:00,0.003973000217229128,-0.04172689133345475,0,-0.0731,0.1462,0,1,4,78,0.43633461538461543
2018-03-11 00:00:00+00:00,0.004209999926388264,0.05965257895818232,0,0.011300000000000013,0.49374698986424215,1,1,3,72,0.4040486111111111
2018-03-12 00:00:00+00:00,0.004031999967992306,-0.04228027589270367,0,0.6588,0.0,1,0,1,85,0.3617752941176471
2018-03-13 00:00:00+00:00,0.00395999988541007,-0.01785716348060562,0,0.0,0.0,0,0,0,77,0.5361090909090909
2018-03-14 00:00:00+00:00,0.003524000057950616,-0.11010096971614058,0,0.14038333333333333,0.21782143527822662,2,0,6,74,0.5249067567567568
2018-03-15 00:00:00+00:00,0.0035359999164938927,0.0034051811424360423,0,0.37833333333333335,0.32861394269466615,2,0,3,93,0.4129096774193548
2018-03-16 00:00:00+00:00,0.0035099999513477087,-0.007352931493268877,0,0.0,0.0,0,0,0,73,0.4504986301369863
2018-03-17 00:00:00+00:00,0.003298999974504113,-0.060113954349936494,0,0.0,0.0,0,0,0,73,0.5233479452054794
2018-03-18 00:00:00+00:00,0.0031900000758469105,-0.03304028478314458,0,0.7088,0.0,1,0,1,63,0.4582857142857143
2018-03-19 00:00:00+00:00,0.00343999988399446,0.07836984395092128,0,0.0,0.0,0,0,1,60,0.3425266666666667
2018-03-20 00:00:00+00:00,0.0036510000936686993,0.06133727232258801,0,0.08895,0.1257942963730868,1,0,2,58,0.45279137931034485
2018-03-21 00:00:00+00:00,0.0036589999217540026,0.0021911333552622203,0,-0.2787,0.3941413198333816,0,1,2,73,0.48523698630136985
2018-03-22 00:00:00+00:00,0.0035280000884085894,-0.03580208694910714,0,0.22151818181818184,0.33572782076611346,9,2,11,44,0.43526363636363635
2018-03-23 00:00:00+00:00,0.0035600000992417336,0.009070297627905788,0,0.14082,0.2710427128895487,8,2,20,56,0.4454303571428571
2018-03-24 00:00:00+00:00,0.003590000094845891,0.008426964822429994,0,0.5700999999999999,0.38763593744646535,2,0,2,52,0.4559096153846154
2018-03-25 00:00:00+00:00,0.003504999913275242,-0.02367693017409178,0,-0.07655,0.10825804819966044,0,1,2,53,0.3440245283018868
2018-03-26 00:00:00+00:00,0.0032889998983591795,-0.061626253997313696,0,0.2449,0.3689080450658209,3,0,8,57,0.39175263157894735
2018-03-27 00:00:00+00:00,0.0031449999660253525,-0.043782285431406054,0,0.15969999999999998,0.21327350984123647,2,0,3,53,0.4158377358490566
2018-03-28 00:00:00+00:00,0.003140999935567379,-0.0012718697936994205,0,0.342325,0.27170470950402514,3,0,4,51,0.4661392156862745
2018-03-29 00:00:00+00:00,0.002827000105753541,-0.09996811087393997,0,0.0,0.0,0,0,0,52,0.5046923076923077
2018-03-30 00:00:00+00:00,0.0027630000840872526,-0.022638846576636062,0,-0.09585,0.07323516914707033,0,3,4,48,0.3229020833333333
2018-03-31 00:00:00+00:00,0.002819000044837594,0.020267810005818676,0,0.5206500000000001,0.26258342801225415,4,0,4,48,0.45804375
2018-04-01 00:00:00+00:00,0.002718999981880188,-0.035473593957735194,0,0.05913333333333334,0.5613838303692048,5,2,9,62,0.3443193548387097
2018-04-02 00:00:00+00:00,0.0027970001101493835,0.02868706465207782,0,0.1756888888888889,0.4127522666335232,4,3,9,55,0.46532
2018-04-03 00:00:00+00:00,0.0029800001066178083,0.06542723963591524,0,0.0,0.0,0,0,0,65,0.3896230769230769
2018-04-04 00:00:00+00:00,0.0027699999045580626,-0.07046986394174604,0,0.1468,0.2542650585511112,1,0,3,62,0.5227870967741935
2018-04-05 00:00:00+00:00,0.002713999943807721,-0.02021659302521739,0,0.11315,0.1600182645825157,1,0,2,40,0.40187249999999997
2018-04-06 00:00:00+00:00,0.0026700000744313,-0.01621218507274158,0,0.12765,0.2553,1,0,4,46,0.29348478260869565
2018-04-07 00:00:00+00:00,0.0028019999153912067,0.04943814130343127,0,0.5978,0.03832518754031089,2,0,2,27,0.5282629629629629
2018-04-08 00:00:00+00:00,0.0028429999947547913,0.014632434190441579,0,0.07935555555555557,0.30384066182421626,2,1,9,48,0.42369375
2018-04-09 00:00:00+00:00,0.0027630000840872526,-0.028139258112956367,0,0.17020000000000002,0.29479504744822294,1,0,3,39,0.4349512820512821
2018-04-10 00:00:00+00:00,0.0030429998878389597,0.10133905002909338,0,-0.14875,0.21036426740299788,0,1,2,57,0.4125473684210526
2018-04-11 00:00:00+00:00,0.003396000014618039,0.11600398941511925,0,0.0,0.0,0,0,1,45,0.4559066666666666
2018-04-12 00:00:00+00:00,0.0037980000488460064,0.11837456787325173,0,0.50865,0.18137288937434942,2,0,2,31,0.4244903225806452
2018-04-13 00:00:00+00:00,0.003994999919086695,0.05186937011771375,0,-0.11069999999999998,0.4141098501605583,1,4,6,33,0.3793242424242424
2018-04-14 00:00:00+00:00,0.004149999935179949,0.03879850293681342,0,0.0,0.0,0,0,0,30,0.46967333333333333
2018-04-15 00:00:00+00:00,0.00457100011408329,0.10144582782628064,0,0.09218571428571429,0.4372969487986069,2,2,7,42,0.26631666666666665
2018-04-16 00:00:00+00:00,0.004585000220686197,0.00306281038142453,0,-0.3062,0.43303219279864175,0,1,2,35,0.4898542857142857
2018-04-17 00:00:00+00:00,0.0047439998015761375,0.03467820572234226,0,0.16111666666666666,0.30642492337710825,2,0,6,64,0.3958140625
2018-04-18 00:00:00+00:00,0.005412000231444836,0.14080954001025936,0,0.5173,0.46907821309457554,2,0,3,37,0.3016621621621622
2018-04-19 00:00:00+00:00,0.005824000108987093,0.07612709902495074,0,0.0,0.0,0,0,0,62,0.4629564516129032
2018-04-20 00:00:00+00:00,0.0058929999358952045,0.011847497530372175,0,0.0,0.0,0,0,0,43,0.4479395348837209
2018-04-21 00:00:00+00:00,0.005413000006228685,-0.08145255979772936,0,0.0,0.0,0,0,0,29,0.5095034482758621
2018-04-22 00:00:00+00:00,0.005539000034332275,0.02327730056504773,0,0.0,0.0,0,0,0,34,0.4557323529411765
2018-04-23 00:00:00+00:00,0.005481999833136797,-0.010290702444877287,0,0.0,0.0,0,0,1,32,0.2620125
2018-04-24 00:00:00+00:00,0.005799999926239252,0.05800804501675727,0,0.0,0.0,0,0,0,44,0.4301704545454545
2018-04-25 00:00:00+00:00,0.0050929998978972435,-0.12189655816089484,0,0.156225,0.31245,1,0,4,34,0.4531764705882353
2018-04-26 00:00:00+00:00,0.005626999773085117,0.10484977143006557,0,0.0,0.0,0,0,2,28,0.33925357142857143
2018-04-27 00:00:00+00:00,0.005421999841928482,-0.036431480260081806,0,0.4779,0.0,1,0,1,42,0.35170714285714283
2018-04-28 00:00:00+00:00,0.005357000045478344,-0.01198815904557815,0,0.07655,0.10825804819966044,1,0,2,21,0.6718761904761904
2018-04-29 00:00:00+00:00,0.005458999890834093,0.019040478717532228,0,0.0,0.0,0,0,0,21,0.49165714285714285
2018-04-30 00:00:00+00:00,0.005210000090301037,-0.04561271396087374,0,0.0,0.0,0,0,2,35,0.4347628571428571
2018-05-01 00:00:00+00:00,0.005144000053405762,-0.012667953119260278,0,0.296,0.0,1,0,1,38,0.5886
2018-05-02 00:00:00+00:00,0.005272999871522188,0.025077724878913576,0,0.14258333333333334,0.34925641249183487,1,0,6,37,0.48636756756756755
2018-05-03 00:00:00+00:00,0.0056409998796880245,0.06978949689592984,0,0.5095,0.0,1,0,1,41,0.5157146341463414
2018-05-04 00:00:00+00:00,0.005268999841064215,-0.06594576255236217,0,0.16171176470588233,0.3137163067214409,7,2,17,28,0.43565714285714285
2018-05-05 00:00:00+00:00,0.005179999861866236,-0.01689124727322122,0,0.18672727272727271,0.333908227184983,6,1,11,28,0.554675
2018-05-06 00:00:00+00:00,0.004970000125467777,-0.04054049073329524,0,0.42472857142857146,0.32072794657510856,5,0,7,21,0.4284
2018-05-07 00:00:00+00:00,0.00481700012460351,-0.03078470764623309,0,-0.142975,0.28595,0,1,4,34,0.28820882352941174
2018-05-08 00:00:00+00:00,0.005303000099956989,0.10089266406101283,0,0.5387,0.122162678425123,3,0,3,36,0.4769333333333333
2018-05-09 00:00:00+00:00,0.0050929998978972435,-0.03960026364348912,0,0.10986666666666667,0.40631024495022905,4,2,12,31,0.512141935483871
2018-05-10 00:00:00+00:00,0.0048699998296797276,-0.043785602334212914,0,0.48041428571428574,0.3000431714968777,6,0,7,24,0.4690541666666667
2018-05-11 00:00:00+00:00,0.004362000152468681,-0.10431205235677687,0,0.18314666666666665,0.3528835762414459,7,3,15,42,0.30128333333333335
2018-05-12 00:00:00+00:00,0.004472999833524227,0.025446968632663935,0,-0.08134999999999999,0.5176747337856079,1,2,4,26,0.3283769230769231
2018-05-13 00:00:00+00:00,0.004329000134021044,-0.03219309297173112,0,0.5006333333333334,0.09689047080767715,3,0,3,30,0.45576666666666665
2018-05-14 00:00:00+00:00,0.004459999967366457,0.030260990826935563,0,-0.10806,0.7270736096006909,4,5,10,33,0.4795484848484849
2018-05-15 00:00:00+00:00,0.004515000153332949,0.012331880351776903,0,0.0,0.0,0,0,0,32,0.318775
2018-05-16 00:00:00+00:00,0.004385000094771385,-0.028792924506458317,0,-0.07816666666666666,0.41574992884344947,1,2,3,22,0.37520454545454546
2018-05-17 00:00:00+00:00,0.004188000224530697,-0.04492585313181363,0,0.23916666666666667,0.2164210787639072,2,0,3,22,0.42101363636363637
2018-05-18 00:00:00+00:00,0.004017000086605549,-0.04083097630308985,0,-0.067675,0.2604024124860817,1,2,8,22,0.44522272727272727
2018-05-19 00:00:00+00:00,0.0042860000394284725,0.06696538387437134,0,0.5859,0.0,1,0,1,23,0.37378260869565216
2018-05-20 00:00:00+00:00,0.004422999918460846,0.03196450717966903,0,0.23474583333333332,0.36967568745445994,12,4,24,16,0.48829374999999997
2018-05-21 00:00:00+00:00,0.004271000158041716,-0.03436576152414317,0,0.22906875,0.4518888753056442,9,2,16,25,0.524884
2018-05-22 00:00:00+00:00,0.0038509999867528677,-0.09833766231500707,0,0.33188666666666666,0.4744064790897137,21,4,30,18,0.5019888888888889
2018-05-23 00:00:00+00:00,0.0035910001024603844,-0.06751490137285432,0,0.08800857142857142,0.4462472958372037,15,8,35,22,0.5012409090909091
2018-05-24 00:00:00+00:00,0.0034990001004189253,-0.02561960440447353,0,0.20115862068965515,0.3516242906825829,12,4,29,21,0.323647619047619
2018-05-25 00:00:00+00:00,0.003513999981805682,0.004286905103249694,0,0.008419047619047618,0.31932755537073154,9,10,21,24,0.3673875
2018-05-26 00:00:00+00:00,0.0034630000591278076,-0.014513353142269536,0,0.08368947368421054,0.4437065848054495,15,10,38,22,0.37996363636363634
2018-05-27 00:00:00+00:00,0.00342399999499321,-0.011261929964973882,0,0.2615133333333333,0.34485542491780247,8,1,15,22,0.3402409090909091
2018-05-28 00:00:00+00:00,0.0032259998843073845,-0.05782713521476446,0,0.43514545454545456,0.30292694948992693,8,0,11,27,0.2755259259259259
2018-05-29 00:00:00+00:00,0.0034370000939816236,0.06540614297620806,0,0.146668,0.5288715602740108,15,8,25,31,0.34294516129032254
2018-05-30 00:00:00+00:00,0.0033539999276399612,-0.024149014859499163,0,0.3548538461538462,0.3758984362284237,8,1,13,28,0.4519357142857143
2018-05-31 00:00:00+00:00,0.003398000029847026,0.013118695037666717,0,0.08918333333333332,0.4315456340208116,4,3,12,36,0.5196527777777777
2018-06-01 00:00:00+00:00,0.0034229999873787165,0.007357256419098901,0,0.41864,0.31549654056916554,7,0,10,21,0.4503142857142857
2018-06-02 00:00:00+00:00,0.003558000084012747,0.03943911689506363,0,-0.005126666666666669,0.3710515183072227,5,5,15,35,0.42369142857142855
2018-06-03 00:00:00+00:00,0.0036899999249726534,0.03709944852250713,0,0.4342166666666667,0.32382846951228156,5,0,6,27,0.41786296296296294
2018-06-04 00:00:00+00:00,0.003531999886035919,-0.042818439606853165,0,0.4316,0.44038610332298184,2,0,2,26,0.2693346153846154
2018-06-05 00:00:00+00:00,0.0036539998836815357,0.034541336801270806,0,0.45005,0.6364668137460114,1,0,2,18,0.4560166666666666
2018-06-06 00:00:00+00:00,0.0037869999650865793,0.03639849086996727,0,0.0,0.0,0,0,2,31,0.4830935483870967
2018-06-07 00:00:00+00:00,0.0037320000119507313,-0.01452335718059361,0,0.09354,0.28432236633792984,2,1,5,29,0.5031034482758621
2018-06-08 00:00:00+00:00,0.0036589999217540026,-0.019560581447739978,0,0.41908571428571434,0.23059353437431435,7,0,7,15,0.4219333333333334
2018-06-09 00:00:00+00:00,0.0035929998848587275,-0.0180377256918981,0,0.21681333333333336,0.4744363781924621,10,4,15,20,0.41246
2018-06-10 00:00:00+00:00,0.0031820000149309635,-0.11438905736116489,0,0.357725,0.37925287565904126,17,5,24,15,0.38274
2018-06-11 00:00:00+00:00,0.0032339999452233315,0.01634190133512492,0,0.0,0.0,0,0,2,26,0.4153192307692307
2018-06-12 00:00:00+00:00,0.003089000005275011,-0.04483609845525438,0,-0.23274999999999998,0.4796305296788351,1,1,2,26,0.41466923076923073
2018-06-13 00:00:00+00:00,0.0028170000296086073,-0.08805437850499065,0,0.23263333333333333,0.20830843317862416,2,0,3,21,0.5039571428571429
2018-06-14 00:00:00+00:00,0.0029440000653266907,0.04508343428584505,0,0.0,0.0,0,0,1,16,0.340875
2018-06-15 00:00:00+00:00,0.0029009999707341194,-0.01460601006739437,0,0.14443157894736844,0.33039112688621985,8,2,19,27,0.41382962962962966
2018-06-16 00:00:00+00:00,0.002894999925047159,-0.0020682680963426403,0,0.22568181818181818,0.4184970792824788,10,5,22,25,0.39856
2018-06-17 00:00:00+00:00,0.0028729999903589487,-0.007599286790258564,0,0.17461428571428572,0.4815739554661706,25,12,49,24,0.5169875
2018-06-18 00:00:00+00:00,0.0030269999988377094,0.0536025092222574,0,0.175075,0.4254593860366306,2,1,4,27,0.3857888888888889
2018-06-19 00:00:00+00:00,0.0030330000445246696,0.0019821756489144526,0,0.17955757575757575,0.4382646974363089,15,7,33,39,0.42167692307692306
2018-06-20 00:00:00+00:00,0.003020999953150749,-0.00395650880242604,0,0.1223076923076923,0.5218797202765187,7,3,13,19,0.5671947368421053
2018-06-21 00:00:00+00:00,0.0029879999347031116,-0.01092354152909547,0,-0.07066666666666667,0.12168593454736938,0,2,6,32,0.640459375
2018-06-22 00:00:00+00:00,0.0026680000592023134,-0.10709500752803514,0,0.40049999999999997,0.31993381398866444,13,1,16,23,0.5250695652173912
2018-06-23 00:00:00+00:00,0.002641000086441636,-0.010119929595784893,0,0.11806842105263159,0.2989472120860723,4,1,19,29,0.5954
2018-06-24 00:00:00+00:00,0.0025100000202655792,-0.049602446758175045,0,0.13042499999999999,0.35942071945204906,3,1,8,23,0.4657304347826087
2018-06-25 00:00:00+00:00,0.0024850000627338886,-0.009960142362487101,0,0.16914400000000002,0.37502983779071947,13,6,25,31,0.5282258064516129
2018-06-26 00:00:00+00:00,0.002478000009432435,-0.0028169227866144952,0,0.2721875,0.5793718875706197,4,2,8,38,0.33441052631578944
2018-06-27 00:00:00+00:00,0.0024369999300688505,-0.016545633255657388,0,0.25626,0.37311587399703516,8,1,15,40,0.32197749999999997
2018-06-28 00:00:00+00:00,0.002357000019401312,-0.03282721089995211,0,0.3103181818181818,0.523234606688399,6,2,11,27,0.4298888888888889
2018-06-29 00:00:00+00:00,0.0024270000867545605,0.02969879795377728,0,0.06117142857142857,0.25688474291568414,4,2,21,26,0.44794999999999996
2018-06-30 00:00:00+00:00,0.002498999936506152,0.029666191667867325,0,0.0,0.0,0,0,1,32,0.427625
2018-07-01 00:00:00+00:00,0.002489000093191862,-0.004001538042562314,0,0.8555,0.0,1,0,1,12,0.3132
2018-07-02 00:00:00+00:00,0.0027030000928789377,0.08597830119509742,0,0.04349999999999999,0.2557398873856012,1,1,3,24,0.5199708333333334
2018-07-03 00:00:00+00:00,0.002638000063598156,-0.02404736479736891,0,0.0,0.0,0,0,2,23,0.44311304347826086
2018-07-04 00:00:00+00:00,0.00267999991774559,0.015921096715269867,0,0.33425,0.3638723837647846,5,0,10,21,0.33087142857142854
2018-07-05 00:00:00+00:00,0.002598999999463558,-0.030223851032864513,0,0.25918709677419355,0.4228620356112503,20,5,31,23,0.44513043478260866
2018-07-06 00:00:00+00:00,0.0025969999842345715,-0.0007695326007693959,0,0.088735,0.4495271003773679,11,7,20,19,0.44279999999999997
2018-07-07 00:00:00+00:00,0.002644999884068966,0.018482826386516882,0,0.304,0.39606020433078787,7,1,12,18,0.3887833333333333
2018-07-08 00:00:00+00:00,0.0026110000908374786,-0.012854364734104728,0,0.27774137931034487,0.3813267126730431,17,4,29,34,0.41912647058823527
2018-07-09 00:00:00+00:00,0.0026030000299215317,-0.003063983392425307,0,0.40301666666666663,0.3496826299184257,4,0,6,25,0.568828
2018-07-10 00:00:00+00:00,0.0024109999649226665,-0.0737610690710031,0,0.22552142857142857,0.42483838588441974,8,1,14,19,0.3644631578947369
2018-07-11 00:00:00+00:00,0.0024250000715255737,0.005806763503356738,0,0.25310416666666663,0.3901996829708857,16,6,24,25,0.39338
2018-07-12 00:00:00+00:00,0.0023060000967234373,-0.04907215311019486,0,0.4676894736842105,0.2793323625574556,16,0,19,30,0.46701333333333334
2018-07-13 00:00:00+00:00,0.0023320000618696213,0.011274919364976155,0,0.3972833333333334,0.3844694808000586,5,0,6,25,0.364392
2018-07-14 00:00:00+00:00,0.0023620000574737787,0.012864491770255615,0,0.33638571428571423,0.30217587048488287,9,0,14,26,0.36785
2018-07-15 00:00:00+00:00,0.0023799999617040157,0.007620619725762667,0,0.24914,0.22801816375017145,3,0,5,16,0.446875
2018-07-16 00:00:00+00:00,0.0028540000785142183,0.19915971615009243,0,0.0,0.0,0,0,0,34,0.48796764705882356
2018-07-17 00:00:00+00:00,0.0032279998995363712,0.13104408224713704,0,0.4404,0.0,1,0,1,38,0.39155526315789474
2018-07-18 00:00:00+00:00,0.0037120000924915075,0.14993810657325368,0,0.17327499999999998,0.49093064258949387,3,1,4,54,0.5545388888888889
2018-07-19 00:00:00+00:00,0.003843999933451414,0.03556030109668118,0,0.7783,0.0,1,0,1,42,0.4779833333333333
2018-07-20 00:00:00+00:00,0.0034099998883903027,-0.11290323948352299,0,0.1872,0.4185919253879607,1,0,5,23,0.38480434782608697
2018-07-21 00:00:00+00:00,0.003269999986514449,-0.04105569104342133,0,0.27621052631578946,0.3972485072970163,12,3,19,16,0.49414375
2018-07-22 00:00:00+00:00,0.0034580000210553408,0.05749236554012471,0,0.6486,0.0,1,0,1,18,0.4427111111111111
2018-07-23 00:00:00+00:00,0.0034310000482946634,-0.0078079735674603246,0,0.40003333333333335,0.336923641200792,7,0,9,30,0.4725066666666667
2018-07-24 00:00:00+00:00,0.0036200000904500484,0.055085992274854334,0,0.6588,0.0,1,0,1,25,0.471188
2018-07-25 00:00:00+00:00,0.0035429999697953463,-0.021270751030597168,0,0.20758000000000001,0.29604574308711146,2,0,5,33,0.4911787878787879
2018-07-26 00:00:00+00:00,0.003392999991774559,-0.04233699669759006,0,0.10115,0.14304770183403856,1,0,2,24,0.4733791666666667
2018-07-27 00:00:00+00:00,0.0034179999493062496,0.007368098317800387,0,0.1468,0.2542650585511112,1,0,3,71,0.7150408450704225
2018-07-28 00:00:00+00:00,0.0034000000450760126,-0.005266209624693041,0,0.337475,0.2837970093218038,3,0,4,58,0.7863448275862068
2018-07-29 00:00:00+00:00,0.00330700003542006,-0.027352943653820794,0,-0.049733333333333345,0.356960298446013,1,1,6,16,0.59843125
2018-07-30 00:00:00+00:00,0.0032730000093579292,-0.01028122942182319,0,0.13995555555555553,0.3960795725328154,4,1,9,81,0.8963271604938272
2018-07-31 00:00:00+00:00,0.002945000072941184,-0.10021385135317784,0,0.235125,0.42018487949299826,6,4,12,24,0.46111250000000004
2018-08-01 00:00:00+00:00,0.003160000080242753,0.0730050940497422,0,0.3403473684210526,0.36231656718096833,13,1,19,24,0.4583458333333333
2018-08-02 00:00:00+00:00,0.0029460000805556774,-0.06772151716864383,0,0.0,0.0,0,0,1,25,0.24201599999999998
2018-08-03 00:00:00+00:00,0.0029180001001805067,-0.009504405841662233,0,0.0,0.0,0,0,0,34,0.3371352941176471
2018-08-04 00:00:00+00:00,0.002744999947026372,-0.05928723345260778,0,0.21075,0.29804550827012977,1,0,2,18,0.39773888888888886
2018-08-05 00:00:00+00:00,0.002836999949067831,0.033515484086300784,0,0.2895166666666667,0.43498262608982446,9,1,18,20,0.26836
2018-08-06 00:00:00+00:00,0.002778999973088503,-0.020444123024530025,0,0.39410000000000006,0.34296526063145233,2,0,3,22,0.571609090909091
2018-08-07 00:00:00+00:00,0.0026710000820457935,-0.03886286149282736,0,0.2813333333333333,0.40428339820057674,8,2,12,26,0.4245538461538461
2018-08-08 00:00:00+00:00,0.00241499999538064,-0.09584428259136402,0,0.007174999999999997,0.2914867221104019,1,2,4,22,0.24005
2018-08-09 00:00:00+00:00,0.0025549998972564936,0.05797097397252271,0,0.0,0.0,0,0,0,29,0.4402896551724138
2018-08-10 00:00:00+00:00,0.002392000053077936,-0.0637964190736694,0,0.5617666666666666,0.48777956428425057,2,0,3,31,0.4537258064516129
2018-08-11 00:00:00+00:00,0.002403999911621213,0.005016663159282064,0,0.22807333333333332,0.35305135495858847,6,0,15,19,0.33439473684210524
2018-08-12 00:00:00+00:00,0.002403999911621213,0.0,0,0.0,0.0,0,0,1,19,0.5344526315789474
2018-08-13 00:00:00+00:00,0.002331000054255128,-0.030365998356819968,0,0.1768,0.3941024232353818,2,1,4,31,0.24777096774193547
2018-08-14 00:00:00+00:00,0.002259999979287386,-0.0304590619112749,0,0.1101,0.22019999999999998,1,0,4,27,0.5251333333333333
2018-08-15 00:00:00+00:00,0.002303000073879957,0.019026590702062585,0,0.0,0.0,0,0,0,18,0.41606111111111116
2018-08-16 00:00:00+00:00,0.00229199999012053,-0.004776414853037703,0,0.16892500000000002,0.6312462138500318,2,1,4,22,0.3781227272727273
2018-08-17 00:00:00+00:00,0.002455000067129731,0.0711169623524428,0,0.0,0.0,0,0,0,20,0.6273
2018-08-18 00:00:00+00:00,0.002394000068306923,-0.02484724935023186,0,0.8112,0.21552614690565966,2,0,2,11,0.41256363636363635
2018-08-19 00:00:00+00:00,0.002472999971359968,0.032999123140758924,0,-0.148,0.20930360723121805,0,1,2,12,0.49064166666666664
2018-08-20 00:00:00+00:00,0.0023690001107752323,-0.042054129312239175,0,0.0,0.0,0,0,0,18,0.56395
2018-08-21 00:00:00+00:00,0.0024240000639110804,0.023216526198409415,0,-0.12848333333333334,0.31635259073803507,1,2,6,21,0.4257714285714286
2018-08-22 00:00:00+00:00,0.002314999932423234,-0.044967049758231736,0,0.4476333333333333,0.4721640640003571,2,0,3,17,0.3504058823529412
2018-08-23 00:00:00+00:00,0.0023849999997764826,0.030237610970457185,0,0.4997833333333333,0.3281275631011005,5,0,6,14,0.5280714285714285
2018-08-24 00:00:00+00:00,0.002426000079140067,0.017190808959088866,0,0.37916666666666665,0.6093015208690467,2,1,3,15,0.5206866666666666
2018-08-25 00:00:00+00:00,0.002369999885559082,-0.023083343674430212,0,0.14843076923076925,0.5062634514832098,6,3,13,21,0.46634761904761907
2018-08-26 00:00:00+00:00,0.002403999911621213,0.0143460032505911,0,0.9201,0.0,1,0,1,17,0.39452941176470585
2018-08-27 00:00:00+00:00,0.002461999887600541,0.02412644680182785,0,0.0772,0.0,1,0,1,18,0.38792777777777776
2018-08-28 00:00:00+00:00,0.002607000060379505,0.05889528001574407,0,0.17221999999999998,0.3884007289156679,5,2,10,18,0.47433888888888887
2018-08-29 00:00:00+00:00,0.002606000052765012,-0.0003835855739672267,0,0.0,0.0,0,0,1,22,0.4622363636363636
2018-08-30 00:00:00+00:00,0.0032059999648481607,0.23023787411152918,0,0.0,0.0,0,0,1,38,0.5219842105263158
2018-08-31 00:00:00+00:00,0.004794000182300806,0.49532134587152266,0,0.45449999999999996,0.08067942736534514,3,0,3,63,0.4700539682539682
2018-09-01 00:00:00+00:00,0.0062779998406767845,0.3095535256454154,0,0.0,0.0,0,0,0,97,0.5197649484536082
2018-09-02 00:00:00+00:00,0.004999000113457441,-0.20372726340838254,0,0.0,0.0,0,0,0,47,0.5058829787234043
2018-09-03 00:00:00+00:00,0.005266000051051378,0.05341066844050801,0,0.8618,0.0,1,0,1,37,0.5624918918918919
2018-09-04 00:00:00+00:00,0.005268999841064215,0.0005696524845717477,0,0.0,0.0,0,0,0,48,0.48409166666666664
2018-09-05 00:00:00+00:00,0.0049310000613331795,-0.0641487549680334,0,-0.0497,0.07028641404994283,0,1,2,60,0.44349500000000003
2018-09-06 00:00:00+00:00,0.005009999964386225,0.016021071196597347,0,0.0,0.0,0,0,1,44,0.43552045454545457
2018-09-07 00:00:00+00:00,0.005307000130414963,0.05928147068662182,0,0.0337,0.36793581505474565,2,1,6,42,0.4898619047619048
2018-09-08 00:00:00+00:00,0.005692000035196543,0.0725456746411417,0,0.08496000000000001,0.2742817310722681,3,1,5,40,0.51814
2018-09-09 00:00:00+00:00,0.005828999914228916,0.024068847186442976,0,0.0,0.0,0,0,0,48,0.4035958333333333
2018-09-10 00:00:00+00:00,0.006891999859362841,0.18236403513046584,0,0.0,0.0,0,0,0,64,0.5667890624999999
2018-09-11 00:00:00+00:00,0.006328999996185303,-0.0816888964982635,0,0.19665,0.34114190107148473,2,1,4,77,0.3848285714285714
2018-09-12 00:00:00+00:00,0.006455000024288893,0.019908362802896873,0,0.3575333333333333,0.3460387454221468,2,0,3,64,0.3885046875
2018-09-13 00:00:00+00:00,0.006554000079631805,0.015336956618186681,0,0.04282000000000001,0.40585449609435154,2,2,5,55,0.49225272727272723
2018-09-14 00:00:00+00:00,0.006180000025779009,-0.05706439568334687,0,0.2716444444444444,0.3371354183081003,4,0,9,45,0.4137355555555555
2018-09-15 00:00:00+00:00,0.006165000144392252,-0.002427165262813391,0,0.6308499999999999,0.2960656092828074,2,0,2,33,0.5621545454545454
2018-09-16 00:00:00+00:00,0.0065310001373291016,0.05936739405752767,0,0.08796666666666665,0.47049483596174213,4,2,6,69,0.4647521739130435
2018-09-17 00:00:00+00:00,0.00624299980700016,-0.04409743136932798,0,0.25417407407407405,0.37032794052402196,17,3,27,47,0.429331914893617
2018-09-18 00:00:00+00:00,0.005981000140309334,-0.04196695095153635,1,0.33301176470588234,0.345091609001061,11,1,17,48,0.41710625
2018-09-19 00:00:00+00:00,0.005609000101685524,-0.06219696202925862,0,0.2493625,0.27748826970059215,5,0,8,37,0.5187594594594594
2018-09-20 00:00:00+00:00,0.005694999825209379,0.015332451767653188,0,0.3832,0.4951658789661377,10,2,14,39,0.45364102564102565
2018-09-21 00:00:00+00:00,0.005683999974280596,-0.0019314927596821851,0,0.0,0.0,0,0,3,32,0.44046875
2018-09-22 00:00:00+00:00,0.005758000072091818,0.01301901797080629,0,0.9719,0.0,1,0,1,25,0.577976
2018-09-23 00:00:00+00:00,0.0059009999968111515,0.024834998771957828,0,0.0,0.0,0,0,0,27,0.43802962962962966
2018-09-24 00:00:00+00:00,0.005677000153809786,-0.037959641267990674,0,-0.30045,0.20838436841567554,0,2,2,36,0.4297916666666667
2018-09-25 00:00:00+00:00,0.0056859999895095825,0.0015853153876976833,0,0.43285,0.3093846850335894,4,0,4,31,0.530658064516129
2018-09-26 00:00:00+00:00,0.005694999825209379,0.0015828061407670013,0,0.4428,0.2895248348587734,3,0,3,47,0.41097021276595747
2018-09-27 00:00:00+00:00,0.005878999829292297,0.032309044728750846,0,0.0,0.0,0,0,0,34,0.42633823529411763
2018-09-28 00:00:00+00:00,0.005830999929457903,-0.008164637051906953,0,0.04692,0.5280307822466415,1,1,5,42,0.5297285714285714
2018-09-29 00:00:00+00:00,0.0058650001883506775,0.005830948260007185,0,0.1782,0.2448559576567415,2,0,3,23,0.3097913043478261
2018-09-30 00:00:00+00:00,0.005905999802052975,0.006990556246482704,0,0.0,0.0,0,0,0,21,0.34022380952380954
2018-10-01 00:00:00+00:00,0.005942000076174736,0.006095542724069647,0,0.0,0.0,0,0,1,42,0.4449357142857143
2018-10-02 00:00:00+00:00,0.005824000108987093,-0.01985862768006008,0,0.1847,0.5266099980061146,1,1,3,28,0.4439
2018-10-03 00:00:00+00:00,0.005704000126570463,-0.0206043921996939,0,0.0,0.0,0,0,0,32,0.54626875
2018-10-04 00:00:00+00:00,0.005644999910145998,-0.010343656226378672,0,0.20126153846153846,0.46757265485066873,8,3,13,20,0.450275
2018-10-05 00:00:00+00:00,0.005669000092893839,0.004251582485361061,0,0.0502875,0.4106318137943041,7,5,16,16,0.61995
2018-10-06 00:00:00+00:00,0.005545000080019236,-0.02187334818181408,0,0.09249999999999999,0.3869897193171194,3,2,8,21,0.48391428571428574
2018-10-07 00:00:00+00:00,0.005561999976634979,0.003065806378795388,0,0.743,0.0,1,0,1,26,0.47975384615384614
2018-10-08 00:00:00+00:00,0.005578000098466873,0.00287668498725413,0,0.3197,0.3082620800552673,3,0,5,27,0.45848888888888895
2018-10-09 00:00:00+00:00,0.005634999834001064,0.01021866879311406,0,0.14552500000000002,0.4046836427560246,4,2,8,18,0.5384055555555556
2018-10-10 00:00:00+00:00,0.0055519999004900455,-0.014729358643491897,0,0.2394666666666667,0.41476843338582714,1,0,3,30,0.49813666666666667
2018-10-11 00:00:00+00:00,0.004999999888241291,-0.09942363511210306,0,-0.08059999999999999,0.23688077169749341,1,1,2,30,0.3942966666666667
2018-10-12 00:00:00+00:00,0.005247000139206648,0.04940005129724856,0,0.4377625,0.30884011091039143,6,0,8,30,0.3053266666666667
2018-10-13 00:00:00+00:00,0.0051819998770952225,-0.012388080881822416,0,0.34548,0.24801569909987553,4,0,5,9,0.5066333333333333
2018-10-14 00:00:00+00:00,0.005158000160008669,-0.004631361955957147,0,0.46487500000000004,0.3434856318475553,6,0,8,24,0.5039958333333333
2018-10-15 00:00:00+00:00,0.005218000151216984,0.011632413599656388,0,0.4962375,0.3637414031875628,6,0,8,20,0.704105
2018-10-16 00:00:00+00:00,0.005016999784857035,-0.03852057503545114,0,0.3056857142857143,0.44020370446938706,3,0,7,34,0.3767352941176471
2018-10-17 00:00:00+00:00,0.004598999861627817,-0.08331671141204344,0,0.2870142857142857,0.4565574459239182,4,1,7,27,0.3693518518518519
2018-10-18 00:00:00+00:00,0.004385999869555235,-0.0463144158471861,0,0.18059166666666668,0.3499886633445389,4,1,12,30,0.5037233333333334
2018-10-19 00:00:00+00:00,0.004470000043511391,0.019151887016511493,0,0.13681428571428572,0.3386590046471102,3,1,7,42,0.5475523809523809
2018-10-20 00:00:00+00:00,0.004550999961793423,0.01812078691131358,0,0.0028888888888888853,0.1755826119270103,1,2,9,11,0.5003545454545454
2018-10-21 00:00:00+00:00,0.004517000168561935,-0.007470840148741442,0,0.10614285714285714,0.41375183325733983,3,2,7,22,0.3771227272727273
2018-10-22 00:00:00+00:00,0.004366000182926655,-0.03342926278511826,0,0.13881666666666667,0.20825433333532625,6,0,18,25,0.48992399999999997
2018-10-23 00:00:00+00:00,0.004172000102698803,-0.044434281287136335,0,0.19575555555555557,0.3136812359351094,5,1,9,13,0.5197307692307692
2018-10-24 00:00:00+00:00,0.003911000210791826,-0.06255989584902932,0,0.0,0.0,0,0,0,31,0.4160032258064516
2018-10-25 00:00:00+00:00,0.0037169998977333307,-0.049603759294919114,0,0.0956,0.4235383335661603,6,3,20,23,0.4512086956521739
2018-10-26 00:00:00+00:00,0.003984000068157911,0.07183217050595037,0,0.27201176470588234,0.276785936877113,11,1,17,26,0.24655384615384615
2018-10-27 00:00:00+00:00,0.004195000045001507,0.0529618406711414,0,0.22887407407407406,0.35307324647857047,14,3,27,33,0.47099090909090907
2018-10-28 00:00:00+00:00,0.004062999971210957,-0.03146604824184285,0,0.0,0.0,0,0,0,18,0.31868888888888885
2018-10-29 00:00:00+00:00,0.0038469999562948942,-0.05316269171709709,0,0.21423333333333336,0.22044238098272606,2,0,3,27,0.42034814814814814
2018-10-30 00:00:00+00:00,0.0038499999791383743,0.0007798343846017186,0,0.0,0.0,0,0,0,11,0.31580909090909093
2018-10-31 00:00:00+00:00,0.0037640000227838755,-0.022337651122207425,0,0.37556666666666666,0.5219779912346241,2,1,3,32,0.388628125
2018-11-01 00:00:00+00:00,0.0037769998889416456,0.003453737002943935,0,0.3860909090909091,0.28711394412165164,9,1,11,16,0.46673125
2018-11-02 00:00:00+00:00,0.003773000091314316,-0.001058988018252438,0,0.1858923076923077,0.31424915396740655,6,2,13,17,0.28466470588235293
2018-11-03 00:00:00+00:00,0.0037330000195652246,-0.010601662014579238,0,0.2082875,0.38700060140667797,13,2,24,13,0.3910076923076923
2018-11-04 00:00:00+00:00,0.00367600005120039,-0.015269211911623115,0,0.0,0.0,0,0,0,20,0.53911
2018-11-05 00:00:00+00:00,0.003622000105679035,-0.014689865279985836,0,0.0,0.0,0,0,0,24,0.39416249999999997
2018-11-06 00:00:00+00:00,0.0036959999706596136,0.020430663396324045,0,0.18963,0.26611450772594536,4,0,10,25,0.332488
2018-11-07 00:00:00+00:00,0.003636999987065792,-0.015963199151024843,0,0.11988571428571428,0.4969006890334373,4,1,7,22,0.4621590909090909
2018-11-08 00:00:00+00:00,0.0033839999232441187,-0.0695628443006362,0,0.9042,0.0,1,0,1,17,0.6926470588235294
2018-11-09 00:00:00+00:00,0.0031399999279528856,-0.07210401915651321,0,0.41558333333333336,0.2825082541567001,5,0,6,20,0.38032
2018-11-10 00:00:00+00:00,0.0032850001007318497,0.046178400033753064,0,0.14757142857142855,0.7416097080322095,3,3,7,18,0.35015555555555555
2018-11-11 00:00:00+00:00,0.0031620000954717398,-0.037442922827523595,0,-0.2353,0.7179962256168203,1,1,2,17,0.29960588235294117
2018-11-12 00:00:00+00:00,0.0030640000477433205,-0.0309930565368306,0,0.42775,0.6049298513050914,1,0,2,24,0.32871666666666666
2018-11-13 00:00:00+00:00,0.002945000072941184,-0.038838111275416476,0,0.0,0.0,0,0,0,14,0.4465071428571429
2018-11-14 00:00:00+00:00,0.0026950000319629908,-0.084889655275464,0,0.315825,0.4286418210047705,5,1,8,18,0.19853333333333334
2018-11-15 00:00:00+00:00,0.00279999990016222,0.038960989593291195,0,0.030282352941176465,0.3679822655972943,6,5,17,29,0.36107241379310345
2018-11-16 00:00:00+00:00,0.0027459999546408653,-0.019285695516712775,0,0.6726333333333333,0.035947508026751084,3,0,3,28,0.30839999999999995
2018-11-17 00:00:00+00:00,0.0025949999690055847,-0.05498907069538872,0,0.24038999999999996,0.5010319582843217,6,2,10,23,0.4575565217391304
2018-11-18 00:00:00+00:00,0.002643000101670623,0.018497161170846654,0,0.0,0.0,0,0,0,15,0.14903999999999998
2018-11-19 00:00:00+00:00,0.00241800001822412,-0.08513056178252953,0,0.224215,0.352191699108671,11,2,20,20,0.45502000000000004
2018-11-20 00:00:00+00:00,0.0022539999336004257,-0.06782468295601707,0,0.2313333333333333,0.3104581109693652,3,0,6,27,0.4592148148148148
2018-11-21 00:00:00+00:00,0.0024480000138282776,0.08606924842183372,0,0.1909375,0.2711004502156772,3,0,8,19,0.3486263157894737
2018-11-22 00:00:00+00:00,0.00241199997253716,-0.01470589913715703,0,0.0,0.0,0,0,1,15,0.5185266666666667
2018-11-23 00:00:00+00:00,0.0023610000498592854,-0.02114424679044591,0,0.0772,0.0,1,0,1,28,0.4338464285714286
2018-11-24 00:00:00+00:00,0.0022239999379962683,-0.05802630621341254,0,0.0,0.0,0,0,0,17,0.27538235294117647
2018-11-25 00:00:00+00:00,0.002219999907538295,-0.0017985748963542658,0,0.0,0.0,0,0,1,13,0.3354846153846154
2018-11-26 00:00:00+00:00,0.0020989999175071716,-0.0545045022841002,0,0.23824666666666666,0.4031674959734773,8,1,15,17,0.4082470588235294
2018-11-27 00:00:00+00:00,0.002087000058963895,-0.005716940931340342,0,0.219125,0.43825000000000003,1,0,4,25,0.392416
2018-11-28 00:00:00+00:00,0.0022460001055151224,0.07618593294633835,0,0.26275,0.3715846135135307,1,0,2,27,0.48632592592592594
2018-11-29 00:00:00+00:00,0.0022410000674426556,-0.0022261967219810996,0,0.2823538461538461,0.37612383735365806,7,1,13,21,0.4905285714285714
2018-11-30 00:00:00+00:00,0.0021649999544024467,-0.03391348092503066,0,-0.03422000000000001,0.20046720928870138,1,1,5,22,0.45668636363636367
2018-12-01 00:00:00+00:00,0.0022499999031424522,0.03926094712711725,0,0.2375470588235294,0.4465419536807923,8,3,17,19,0.6314263157894736
2018-12-02 00:00:00+00:00,0.0022460001055151224,-0.0017776879108943877,0,-0.039624999999999994,0.17529564312897225,1,1,4,17,0.3535117647058823
2018-12-03 00:00:00+00:00,0.0023709998931735754,0.0556543997266572,0,-0.114675,0.4110456047285589,1,2,4,20,0.407595
2018-12-04 00:00:00+00:00,0.0021959999576210976,-0.07380849575587323,0,0.0258,0.0,0,0,1,28,0.5131821428571428
2018-12-05 00:00:00+00:00,0.0021800000686198473,-0.007285924093815899,0,0.2641428571428572,0.37907584930170574,3,1,7,27,0.49825185185185183
2018-12-06 00:00:00+00:00,0.002096999902278185,-0.038073469600489296,0,0.0,0.0,0,0,0,24,0.6138375
2018-12-07 00:00:00+00:00,0.0021039999555796385,0.0033381276240636026,0,0.1324,0.0,1,0,1,15,0.7552533333333333
2018-12-08 00:00:00+00:00,0.0021200000774115324,0.007604620803086437,0,0.5095,0.0,1,0,1,12,0.6710666666666666
2018-12-09 00:00:00+00:00,0.0021019999403506517,-0.008490630379060393,0,0.3000125,0.42983334115290156,11,2,16,14,0.5625571428571429
2018-12-10 00:00:00+00:00,0.002099999925121665,-0.0009514820579172856,0,0.0,0.0,0,0,0,20,0.484985
2018-12-11 00:00:00+00:00,0.002088000066578388,-0.005714218557689499,0,0.31525625,0.4311552542781622,9,1,16,28,0.39656785714285714
2018-12-12 00:00:00+00:00,0.002111000008881092,0.011015297686457481,0,0.4939,0.0,1,0,1,24,0.5353166666666667
2018-12-13 00:00:00+00:00,0.0020649998914450407,-0.021790676097833472,0,0.4767,0.0,1,0,1,30,0.45932666666666666
2018-12-14 00:00:00+00:00,0.0020699999295175076,0.0024213260703698225,0,0.23879999999999998,0.4121280383570135,2,1,5,26,0.5501115384615385
2018-12-15 00:00:00+00:00,0.002113000024110079,0.020772993264108086,0,0.29473333333333335,0.3442270103676739,3,0,6,8,0.22957500000000003
2018-12-16 00:00:00+00:00,0.0021250001154839993,0.005679172379079667,0,0.17454999999999998,0.23313466065774086,2,0,4,15,0.7089733333333333
2018-12-17 00:00:00+00:00,0.002532999962568283,0.1919999176053484,0,0.0,0.0,0,0,1,18,0.4333777777777778
2018-12-18 00:00:00+00:00,0.0026839999482035637,0.05961310219767135,0,-0.04888749999999999,0.5363533548417498,3,4,8,20,0.46287
2018-12-19 00:00:00+00:00,0.0027199999894946814,0.013412832334521063,0,0.2475857142857143,0.35619314539361485,16,3,28,29,0.5302931034482758
2018-12-20 00:00:00+00:00,0.0027310000732541084,0.004044148456585406,0,0.1780875,0.44237790708688357,3,2,8,27,0.410437037037037
2018-12-21 00:00:00+00:00,0.0025450000539422035,-0.06810692578644917,0,0.27845714285714285,0.4938661048541492,5,1,7,24,0.34942500000000004
2018-12-22 00:00:00+00:00,0.0025019999593496323,-0.016895911073150693,0,0.21041666666666667,0.38729852172134127,11,4,24,18,0.4635
2018-12-23 00:00:00+00:00,0.0025420000310987234,0.01598723916825673,0,0.23205454545454546,0.37632732657524715,6,2,11,22,0.5907681818181818
2018-12-24 00:00:00+00:00,0.0025400000158697367,-0.0007867880426902785,0,0.16359166666666666,0.2894382190580835,5,1,12,20,0.34053
2018-12-25 00:00:00+00:00,0.002403999911621213,-0.053543347794805074,0,0.38220000000000004,0.4529480014306278,3,0,6,26,0.4379576923076923
2018-12-26 00:00:00+00:00,0.0024739999789744616,0.029118165526903717,0,0.30696153846153845,0.30683815641274026,11,1,13,16,0.427425
2018-12-27 00:00:00+00:00,0.0023640000727027655,-0.044462371546702295,0,0.2511923076923077,0.25528052367783716,7,0,13,23,0.38028695652173916
2018-12-28 00:00:00+00:00,0.0024339999072253704,0.029610758193663766,0,0.44715000000000005,0.21375837995269334,2,0,2,17,0.32534117647058824
2018-12-29 00:00:00+00:00,0.0024029999040067196,-0.012736238455320681,0,0.0,0.0,0,0,0,22,0.36818181818181817
2018-12-30 00:00:00+00:00,0.0023670000955462456,-0.01498119429819722,0,0.1799666666666667,0.31171141033547894,1,0,3,15,0.5658733333333333
2018-12-31 00:00:00+00:00,0.002345999935641885,-0.008872057058161853,0,0.6953999999999999,0.08639189776825137,3,0,3,41,0.33672682926829267
2019-01-01 00:00:00+00:00,0.002392000053077936,0.019607893733153636,0,0.5197499999999999,0.10063602734607523,4,0,4,16,0.57413125
2019-01-02 00:00:00+00:00,0.002406999934464693,0.006270853283408373,0,0.0,0.0,0,0,0,30,0.49365
2019-01-03 00:00:00+00:00,0.002360000042244792,-0.019526337141489658,1,0.11645333333333334,0.4571247623799792,6,5,15,19,0.3479947368421053
2019-01-04 00:00:00+00:00,0.002314999932423234,-0.01906784280340723,0,0.026909090909090907,0.08924735799501804,1,0,11,13,0.30722307692307693
2019-01-05 00:00:00+00:00,0.0023189999628812075,0.0017278749782885239,0,0.09432941176470588,0.2915496672196392,4,1,17,9,0.6973333333333334
2019-01-06 00:00:00+00:00,0.002328000031411648,0.0038810127962478624,0,0.0731,0.16385200639601577,1,0,4,11,0.49355454545454547
2019-01-07 00:00:00+00:00,0.0022849999368190765,-0.01847083076132816,0,0.25827500000000003,0.2758439711658956,5,0,8,14,0.4330714285714286
2019-01-08 00:00:00+00:00,0.00227600010111928,-0.003938659058487892,0,0.0,0.0,0,0,2,28,0.6705714285714286
2019-01-09 00:00:00+00:00,0.002266000024974346,-0.004393706371109474,0,0.14802857142857143,0.2727642189160432,7,1,14,20,0.379595
2019-01-10 00:00:00+00:00,0.002131999935954809,-0.05913507835069598,0,0.42275999999999997,0.2832876771058,4,0,5,20,0.497365
2019-01-11 00:00:00+00:00,0.002128999913111329,-0.00140714021275834,0,0.13870833333333332,0.2054237857270288,4,0,12,10,0.53118
2019-01-12 00:00:00+00:00,0.002148000057786703,0.008924445960924121,0,0.296,0.0,1,0,1,16,0.4480625
2019-01-13 00:00:00+00:00,0.0020940001122653484,-0.02513963876565073,0,0.0,0.0,0,0,5,14,0.32889285714285715
2019-01-14 00:00:00+00:00,0.0021830000914633274,0.042502375561812356,0,0.5598,0.2233043214987117,2,0,2,23,0.3643347826086956
2019-01-15 00:00:00+00:00,0.002111000008881092,-0.032982171124863124,0,0.6705,0.0,1,0,1,27,0.42917037037037037
2019-01-16 00:00:00+00:00,0.0021379999816417694,0.012790133892509159,0,0.09246000000000001,0.5066754365469082,2,2,5,17,0.43232941176470585
2019-01-17 00:00:00+00:00,0.0020940001122653484,-0.020579920371483595,0,0.4545142857142857,0.28843107454278355,6,0,7,20,0.508605
2019-01-18 00:00:00+00:00,0.0021059999708086252,0.0057305911652005825,0,0.7263,0.0,1,0,1,13,0.3329076923076923
2019-01-19 00:00:00+00:00,0.00215300009585917,0.022317248671422485,0,0.18739999999999998,0.3746405477254164,2,1,4,9,0.22855555555555554
2019-01-20 00:00:00+00:00,0.002119000069797039,-0.015791929655517678,0,0.0,0.0,0,0,0,19,0.42186315789473683
2019-01-21 00:00:00+00:00,0.0021009999327361584,-0.008494637313817943,1,0.24812000000000003,0.26455216309831986,3,0,5,23,0.40195217391304344
2019-01-22 00:00:00+00:00,0.0020570000633597374,-0.02094234687533736,0,0.2603,0.3252064677503611,3,0,7,19,0.5461421052631579
2019-01-23 00:00:00+00:00,0.00204299995675683,-0.006806079811218169,0,0.11657500000000001,0.5426830835456976,3,1,4,21,0.30625238095238094
2019-01-24 00:00:00+00:00,0.0020389999262988567,-0.0019579199915027434,0,0.0,0.0,0,0,0,24,0.43396666666666667
2019-01-25 00:00:00+00:00,0.0021180000621825457,0.03874455063227389,0,0.40905882352941175,0.32253340148507004,12,0,17,18,0.30640555555555554
2019-01-26 00:00:00+00:00,0.0020830000285059214,-0.016525039022216803,0,-0.6486,0.0,0,1,1,14,0.31643571428571426
2019-01-27 00:00:00+00:00,0.00202700006775558,-0.026884282277474858,0,0.33172999999999997,0.2996879193427723,6,0,10,13,0.4455923076923077
2019-01-28 00:00:00+00:00,0.0019440000178292394,-0.04094723589143412,0,0.25236000000000003,0.3455842053682431,2,0,5,23,0.34505217391304344
2019-01-29 00:00:00+00:00,0.001927000004798174,-0.008744862590098323,0,0.7003,0.0,1,0,1,22,0.5351136363636364
2019-01-30 00:00:00+00:00,0.001961000030860305,0.017644019708080938,0,-0.09298333333333335,0.41105818768961,2,3,6,19,0.44889473684210524
2019-01-31 00:00:00+00:00,0.0019249999895691872,-0.018358001389385037,0,0.3710333333333333,0.38436368510076807,7,0,12,18,0.5093111111111112
2019-02-01 00:00:00+00:00,0.0019160000374540687,-0.004675299825395163,0,0.22136842105263155,0.3597633621217511,12,3,19,14,0.49465
2019-02-02 00:00:00+00:00,0.0019359999569132924,0.010438371121223478,0,0.21354444444444443,0.20588161107242622,5,0,9,20,0.17737
2019-02-03 00:00:00+00:00,0.0019039999460801482,-0.016528931583327133,0,0.06478571428571428,0.14915013050135567,1,0,7,12,0.28106666666666663
2019-02-04 00:00:00+00:00,0.001896000001579523,-0.0042016516424251416,0,0.26154285714285713,0.32921051956229497,4,0,7,16,0.43155
2019-02-05 00:00:00+00:00,0.001888000057078898,-0.004219380007363105,0,0.763,0.13081475451951133,2,0,2,15,0.55002
2019-02-06 00:00:00+00:00,0.0018660000059753656,-0.011652569088144382,0,0.14404,0.23558442860257128,2,0,5,24,0.499075
2019-02-07 00:00:00+00:00,0.0018449999624863267,-0.01125404256258944,0,0.29679999999999995,0.36181791345924263,4,0,9,34,0.4163558823529412
2019-02-08 00:00:00+00:00,0.001955999992787838,0.06016261927286304,0,0.16319999999999998,0.35213035228449135,3,1,5,17,0.5916117647058823
2019-02-09 00:00:00+00:00,0.0019490000559017062,-0.003578699852731071,0,0.30405,0.3480844480869549,3,0,6,19,0.43446315789473683
2019-02-10 00:00:00+00:00,0.0019460000330582261,-0.0015392625743626542,0,0.5267,0.0,1,0,1,7,0.5582857142857143
2019-02-11 00:00:00+00:00,0.001905999961309135,-0.020555021104613935,0,0.324195,0.3882440232027166,12,2,20,13,0.4467
2019-02-12 00:00:00+00:00,0.0018939999863505363,-0.006295894649628653,0,0.1366,0.19318157262016478,1,0,2,16,0.46635625
2019-02-13 00:00:00+00:00,0.001892999978736043,-0.000527987128669527,0,0.2294857142857143,0.4808562724576906,4,1,7,27,0.4530407407407407
2019-02-14 00:00:00+00:00,0.0018970000091940165,0.0021130641853701615,0,0.47258888888888884,0.27261825619556573,8,0,9,23,0.35131304347826087
2019-02-15 00:00:00+00:00,0.0019079999765381217,0.0057986121722681805,0,0.31845,0.45035630893771217,1,0,2,27,0.48300000000000004
2019-02-16 00:00:00+00:00,0.0019239999819546938,0.008385747176791192,0,0.100475,0.20095000000000002,1,0,4,16,0.6013875
2019-02-17 00:00:00+00:00,0.0019920000340789557,0.035343062766132194,0,0.30126,0.5547446737013344,3,1,5,25,0.306156
2019-02-18 00:00:00+00:00,0.002114000031724572,0.06124497768998571,0,0.1366,0.19318157262016478,1,0,2,29,0.47628620689655177
2019-02-19 00:00:00+00:00,0.0020669999066740274,-0.022232792973140403,0,0.3182,0.0,1,0,1,29,0.5249620689655172
2019-02-20 00:00:00+00:00,0.002078999998047948,0.005805559707658503,0,0.0,0.0,0,0,4,25,0.565624
2019-02-21 00:00:00+00:00,0.0020280000753700733,-0.02453098736207804,0,0.19265,0.4215015539710381,11,8,24,19,0.3012526315789474
2019-02-22 00:00:00+00:00,0.002056000055745244,0.013806695924338808,0,0.12905714285714284,0.38753947236038117,6,2,14,27,0.32038888888888895
2019-02-23 00:00:00+00:00,0.0020830000285059214,0.013132282115085214,0,0.0,0.0,0,0,2,25,0.557956
2019-02-24 00:00:00+00:00,0.001973999897018075,-0.052328434947756186,0,0.0,0.0,0,0,0,18,0.43419444444444444
2019-02-25 00:00:00+00:00,0.00203000009059906,0.028368893871564493,0,0.5205666666666667,0.024574241256513505,3,0,3,15,0.19601333333333332
2019-02-26 00:00:00+00:00,0.0020230000372976065,-0.0034483019650446423,0,0.42258181818181817,0.4267004096979093,9,1,11,13,0.43614615384615385
2019-02-27 00:00:00+00:00,0.002019000006839633,-0.001977276512222348,0,0.10571818181818182,0.26688969938227974,4,1,11,19,0.4036157894736842
2019-02-28 00:00:00+00:00,0.0019759999122470617,-0.021297718893958706,0,0.36761999999999995,0.35178581836111583,4,0,5,17,0.4414235294117647
2019-03-01 00:00:00+00:00,0.0019940000493079424,0.0091093815082266,0,0.26726363636363637,0.3101606205588558,7,1,11,20,0.36301
2019-03-02 00:00:00+00:00,0.002002999885007739,0.004513458112962665,0,0.2779,0.2644955198108278,11,0,19,10,0.38484
2019-03-03 00:00:00+00:00,0.0019990000873804092,-0.001996903573119435,0,0.15658214285714284,0.2657264996801695,10,1,28,8,0.11978749999999999
2019-03-04 00:00:00+00:00,0.001981999957934022,-0.00850431650989325,0,-0.09204999999999999,0.6985507891341902,1,1,2,16,0.39489375
2019-03-05 00:00:00+00:00,0.001984999980777502,0.0015136341610255677,0,0.396125,0.5431847652195951,3,1,4,23,0.25440434782608695
2019-03-06 00:00:00+00:00,0.0019829999655485153,-0.001007564356853674,0,0.26476666666666665,0.05409772022306792,3,0,3,31,0.5577387096774193
2019-03-07 00:00:00+00:00,0.0019910000264644623,0.0040343222667349465,0,0.4413571428571429,0.41094962392803497,11,1,14,17,0.24501764705882353
2019-03-08 00:00:00+00:00,0.001979999942705035,-0.0055249038740399214,0,0.26107777777777774,0.26840139147263087,5,0,9,21,0.2449666666666667
2019-03-09 00:00:00+00:00,0.001998000079765916,0.00909097857664043,0,0.2919888888888889,0.39143802652669185,6,1,9,15,0.5784199999999999
2019-03-10 00:00:00+00:00,0.0019990000873804092,0.0005005042915766644,0,0.0,0.0,0,0,0,8,0.28276249999999997
2019-03-11 00:00:00+00:00,0.0019660000689327717,-0.016508262633886384,0,0.32515714285714287,0.1562474731224248,6,0,7,20,0.377405
2019-03-12 00:00:00+00:00,0.0020119999535381794,0.023397702437710777,0,0.06990555555555555,0.28789584610170116,5,3,18,16,0.43459375
2019-03-13 00:00:00+00:00,0.002025000052526593,0.006461281952592879,0,0.0,0.0,0,0,3,27,0.44755185185185187
2019-03-14 00:00:00+00:00,0.0020389999262988567,0.006913517732898722,0,0.0017428571428571413,0.1920886848753535,2,1,7,20,0.5352349999999999
2019-03-15 00:00:00+00:00,0.002047999994829297,0.004413962165647156,0,0.11241428571428572,0.41014087185003245,2,1,7,16,0.4531625
2019-03-16 00:00:00+00:00,0.002076999982818961,0.01416015042132912,0,0.16714285714285712,0.33548411337896517,8,3,14,9,0.4449
2019-03-17 00:00:00+00:00,0.0020810000132769346,0.0019258692783157283,0,0.16382105263157895,0.24680152074749231,11,2,19,20,0.44798
2019-03-18 00:00:00+00:00,0.0020830000285059214,0.0009610837175524356,0,0.0,0.0,0,0,0,21,0.44625238095238096
2019-03-19 00:00:00+00:00,0.0020910000894218683,0.003840643690093959,0,0.0,0.0,0,0,0,28,0.658
2019-03-20 00:00:00+00:00,0.002061000093817711,-0.014347199579724523,0,0.0,0.0,0,0,1,19,0.09296315789473684
2019-03-21 00:00:00+00:00,0.0020540000405162573,-0.0033964352172769496,0,0.1888,0.45060287552186284,3,2,8,27,0.44802592592592594
2019-03-22 00:00:00+00:00,0.0020520000252872705,-0.0009737172295692931,0,0.35312727272727273,0.4254261465657913,6,1,11,16,0.472925
2019-03-23 00:00:00+00:00,0.0020639998838305473,0.005847884208284526,0,0.0,0.0,0,0,0,4,-0.012950000000000017
2019-03-24 00:00:00+00:00,0.0020540000405162573,-0.00484488559937879,0,0.28633333333333333,0.278949182946763,4,0,6,20,0.45872999999999997
2019-03-25 00:00:00+00:00,0.00204299995675683,-0.005355444762631167,0,0.4323,0.611364523013889,1,0,2,16,0.440875
2019-03-26 00:00:00+00:00,0.0020540000405162573,0.0053842799766326,0,0.34993636363636366,0.48358130706785446,6,2,11,16,0.39978125
2019-03-27 00:00:00+00:00,0.002085000043734908,0.015092503703582727,0,0.4095,0.4036338068100838,2,0,3,25,0.397556
2019-03-28 00:00:00+00:00,0.002073999959975481,-0.005275819438220419,0,0.2663,0.37660507165995516,1,0,2,19,0.5070947368421053
2019-03-29 00:00:00+00:00,0.002087000058963895,0.006268128852118027,0,0.5254571428571428,0.2965578519004505,7,0,7,31,0.3287741935483871
2019-03-30 00:00:00+00:00,0.0020800000056624413,-0.0033541222346341604,0,-0.008180000000000002,0.39573806593198263,7,10,30,24,0.3926083333333333
2019-03-31 00:00:00+00:00,0.0020800000056624413,0.0,0,0.13076000000000002,0.25146396958610195,2,0,5,12,0.49428333333333335
2019-04-01 00:00:00+00:00,0.0024610001128166914,0.18317312794088614,0,0.180875,0.371581087606281,7,2,16,37,0.503245945945946
2019-04-02 00:00:00+00:00,0.002795000094920397,0.1357171746414234,1,0.2689875,0.4769176851332493,5,2,8,58,0.3931172413793103
2019-04-03 00:00:00+00:00,0.0031640001107007265,0.1320214680675491,0,0.2407,0.28932753066377903,5,0,10,79,0.44768987341772154
2019-04-04 00:00:00+00:00,0.003696999978274107,0.16845760079804095,0,0.4265111111111111,0.31296419301752576,7,0,9,65,0.49291076923076926
2019-04-05 00:00:00+00:00,0.003590000094845891,-0.02894235435677972,0,0.2506590909090909,0.29538605837928184,12,1,22,36,0.6577611111111111
2019-04-06 00:00:00+00:00,0.0034390001092106104,-0.04206127622449618,0,0.035935714285714286,0.19565033805291465,3,2,14,24,0.43302916666666663
2019-04-07 00:00:00+00:00,0.0034179999493062496,-0.006106472590133527,0,0.33185555555555557,0.3479363703003435,5,0,9,25,0.46393999999999996
2019-04-08 00:00:00+00:00,0.0030449999030679464,-0.10912816026050876,0,0.09207499999999999,0.16580908772268355,3,0,8,37,0.5506162162162161
2019-04-09 00:00:00+00:00,0.0028840000741183758,-0.05287350872732621,0,0.33884,0.35607114878911494,3,0,5,24,0.5480333333333333
2019-04-10 00:00:00+00:00,0.003020999953150749,0.047503424241156944,0,0.19110000000000002,0.38216766739220626,5,2,11,21,0.494952380952381
2019-04-11 00:00:00+00:00,0.0027890000492334366,-0.07679573237839632,0,0.42858,0.4285148445503376,3,0,5,26,0.3971576923076923
2019-04-12 00:00:00+00:00,0.002856000093743205,0.024022962827908056,0,0.15240555555555557,0.2800032404691107,7,2,18,17,0.5278
2019-04-13 00:00:00+00:00,0.0028719999827444553,0.005602201847367594,0,0.2574789473684211,0.2302861012329069,12,1,19,20,0.5630200000000001
2019-04-14 00:00:00+00:00,0.002882000058889389,0.0034819206841978367,0,0.1384848484848485,0.40325015275974485,14,7,33,23,0.3521521739130435
2019-04-15 00:00:00+00:00,0.00279000005684793,-0.03192227625314914,0,0.3178666666666667,0.3961638928524405,6,2,9,16,0.29576875
2019-04-16 00:00:00+00:00,0.0028349999338388443,0.016128987840148712,0,0.3095142857142857,0.37027977903459,5,1,7,31,0.3941645161290323
2019-04-17 00:00:00+00:00,0.0028099999763071537,-0.008818327377467794,0,0.2202,0.31140982643455556,1,0,2,30,0.52741
2019-04-18 00:00:00+00:00,0.0029460000805556774,0.04839861401965284,0,0.1806,0.25540696936458096,1,0,2,25,0.649128
2019-04-19 00:00:00+00:00,0.0028929999098181725,-0.017990553051006053,0,0.134103125,0.29662641703031434,11,1,32,34,0.5908117647058823
2019-04-20 00:00:00+00:00,0.002901999978348613,0.003110981268922952,0,0.029349999999999998,0.31231371247513295,1,1,6,46,0.5350782608695652
2019-04-21 00:00:00+00:00,0.0027600000612437725,-0.04893174299251568,0,-0.04418749999999999,0.35814545902667616,1,2,8,51,0.5133235294117647
2019-04-22 00:00:00+00:00,0.0027979998849332333,0.01376805175588891,0,0.32025000000000003,0.3705553804763871,2,0,4,71,0.5380577464788733
2019-04-23 00:00:00+00:00,0.0027719999197870493,-0.009292339605226352,0,-0.014741463414634148,0.41650282470567335,11,11,41,37,0.3766702702702703
2019-04-24 00:00:00+00:00,0.002598999999463558,-0.062409785472425705,0,0.13020625,0.2543911724588729,7,1,16,16,0.56709375
2019-04-25 00:00:00+00:00,0.0025059999898076057,-0.03578299718166522,0,0.06554285714285714,0.17341010021663344,1,0,7,20,0.49134500000000003
2019-04-26 00:00:00+00:00,0.0025190000887960196,0.00518758940195041,0,0.1517166666666667,0.39800874571630546,2,1,6,20,0.32391000000000003
2019-04-27 00:00:00+00:00,0.0025160000659525394,-0.0011909578156918954,0,0.0792875,0.49897951414433267,3,2,8,26,0.3748576923076923
2019-04-28 00:00:00+00:00,0.0025309999473392963,0.005961796897281824,0,0.4474600000000001,0.3599322825199207,4,0,5,18,0.28730555555555554
2019-04-29 00:00:00+00:00,0.0024659999180585146,-0.025681560898139444,0,0.13176923076923075,0.37412907801370454,11,4,26,15,0.5900333333333333
2019-04-30 00:00:00+00:00,0.0025130000431090593,0.019059256533774827,0,0.048588888888888876,0.483082318152001,3,2,9,19,0.3318105263157895
2019-05-01 00:00:00+00:00,0.0025210001040250063,0.003183470266100441,0,0.2842,0.22090015844267744,2,0,2,25,0.275352
2019-05-02 00:00:00+00:00,0.0026110000908374786,0.03570011229621883,0,0.0,0.0,0,0,0,27,0.5583925925925926
2019-05-03 00:00:00+00:00,0.0027209999971091747,0.04212941495395106,0,0.045971428571428566,0.11067070847467145,1,0,7,25,0.459928
2019-05-04 00:00:00+00:00,0.00267999991774559,-0.015068018892739232,0,0.31602857142857144,0.31236151445766447,4,0,7,10,0.46407
2019-05-05 00:00:00+00:00,0.002652999944984913,-0.0100746170109548,0,0.10845454545454546,0.3287671101665627,4,1,11,10,0.63212
2019-05-06 00:00:00+00:00,0.0025420000310987234,-0.041839395472290764,0,0.228425,0.2557254596521154,4,0,8,13,0.6026153846153846
2019-05-07 00:00:00+00:00,0.002535999985411763,-0.0023603641280707244,0,0.1830181818181818,0.3582602010220555,6,1,11,13,0.26383076923076926
2019-05-08 00:00:00+00:00,0.0025369999930262566,0.0003943247713902309,0,0.3575857142857143,0.2642619623818471,5,0,7,16,0.32121875
2019-05-09 00:00:00+00:00,0.0024999999441206455,-0.014584173830239355,0,0.09714117647058823,0.2131714921689329,5,0,17,27,0.5660703703703703
2019-05-10 00:00:00+00:00,0.0025220001116394997,0.008800067204238537,0,0.07138,0.3622298051158763,5,3,15,25,0.36862
2019-05-11 00:00:00+00:00,0.0027540000155568123,0.09199044157317426,0,0.34626666666666667,0.3220740649809192,2,0,3,12,0.495925
2019-05-12 00:00:00+00:00,0.0026650000363588333,-0.032316622619911195,0,0.10987272727272726,0.4464759883597529,5,4,11,15,0.3590466666666667
2019-05-13 00:00:00+00:00,0.002756000030785799,0.03414633890635832,0,-0.06364,0.1423033660880866,0,1,5,19,0.4745578947368421
2019-05-14 00:00:00+00:00,0.003068000078201294,0.11320756310969138,0,0.2217,0.26464897505941715,2,0,4,20,0.48885500000000004
2019-05-15 00:00:00+00:00,0.0033080000430345535,0.07822684443149264,0,0.0,0.0,0,0,4,28,0.31666428571428573
2019-05-16 00:00:00+00:00,0.0031679999083280563,-0.04232168466904551,0,0.328075,0.35802558069022306,5,0,8,20,0.48038499999999995
2019-05-17 00:00:00+00:00,0.0029619999695569277,-0.0650252350795828,0,0.07931666666666666,0.4824733626498635,2,2,6,21,0.40054761904761904
2019-05-18 00:00:00+00:00,0.003005000064149499,0.014517250180459573,0,0.04645000000000001,0.2255116116744324,2,1,6,27,0.2902037037037037
2019-05-19 00:00:00+00:00,0.00317799998447299,0.05757068773056906,0,0.2567625,0.2732867721521357,9,1,16,16,0.22835624999999998
2019-05-20 00:00:00+00:00,0.0030410001054406166,-0.043108835651895716,0,0.0,0.0,0,0,0,28,0.3801285714285714
2019-05-21 00:00:00+00:00,0.003085999982431531,0.014797722930165458,0,0.25608333333333333,0.2645821567427907,5,1,6,12,0.4420916666666667
2019-05-22 00:00:00+00:00,0.002939000027254224,-0.047634464035700486,0,-0.012250000000000002,0.2780749521262208,1,1,6,35,0.4349542857142857
2019-05-23 00:00:00+00:00,0.0029609999619424343,0.007485517007212783,0,0.1311392857142857,0.29356582874523784,10,2,28,15,0.43698000000000004
2019-05-24 00:00:00+00:00,0.0029949999880045652,0.011482616176673899,0,0.23241724137931036,0.36496456292648227,15,5,29,20,0.469235
2019-05-25 00:00:00+00:00,0.0029909999575465918,-0.0013355694403986984,0,0.23369523809523812,0.31809376994243455,12,2,21,9,0.33374444444444445
2019-05-26 00:00:00+00:00,0.003092000028118491,0.033767994652446065,0,0.3182,0.0,1,0,1,20,0.255225
2019-05-27 00:00:00+00:00,0.003140999935567379,0.0158473179182681,0,0.3205777777777778,0.40107014903186755,6,1,9,18,0.4577333333333333
2019-05-28 00:00:00+00:00,0.0031479999888688326,0.0022286066364369805,0,0.4209666666666667,0.4115942216957538,2,0,3,31,0.416041935483871
2019-05-29 00:00:00+00:00,0.0031270000617951155,-0.006670879017780074,0,-0.29417499999999996,0.4392288346257184,1,2,4,30,0.46284
2019-05-30 00:00:00+00:00,0.0032579998951405287,0.041893134236207885,0,0.3724444444444444,0.3600517536101967,6,1,9,38,0.5976552631578947
2019-05-31 00:00:00+00:00,0.0034409998916089535,0.05616942982146145,0,0.0628,0.1851350941256764,3,1,14,30,0.4198366666666667
2019-06-01 00:00:00+00:00,0.003418999956920743,-0.006393471485383717,0,0.1806,0.20853891723129284,2,0,4,26,0.5273
2019-06-02 00:00:00+00:00,0.003398000029847026,-0.0061421255742367675,0,0.0,0.0,0,0,1,20,0.60626
2019-06-03 00:00:00+00:00,0.003197999903932214,-0.05885818839260448,0,0.0,0.0,0,0,1,19,0.530721052631579
2019-06-04 00:00:00+00:00,0.00304200011305511,-0.04878042387846504,0,0.27415,0.37774385368924274,3,1,6,21,0.6283952380952381
2019-06-05 00:00:00+00:00,0.0030700000934302807,0.009204463949559205,0,0.0,0.0,0,0,1,17,0.4384705882352941
2019-06-06 00:00:00+00:00,0.0030869999900460243,0.005537425439211763,0,0.0,0.0,0,0,0,21,0.3972857142857143
2019-06-07 00:00:00+00:00,0.003109999932348728,0.007450580620948166,0,0.0,0.0,0,0,1,23,0.38913913043478265
2019-06-08 00:00:00+00:00,0.003083999967202544,-0.008360117592204674,0,0.0,0.0,0,0,0,11,0.3620909090909091
2019-06-09 00:00:00+00:00,0.003011999884620309,-0.023346330527864945,0,0.5194,0.16617009357883872,2,0,2,23,0.46470869565217393
2019-06-10 00:00:00+00:00,0.003091000020503998,0.026228465773546317,0,0.59456,0.19800787358082508,5,0,5,21,0.5199857142857143
2019-06-11 00:00:00+00:00,0.0030580000020563602,-0.010676162480987905,0,-0.21619999999999998,0.6198100757490153,1,2,3,27,0.4061814814814814
2019-06-12 00:00:00+00:00,0.0030670000705868006,0.002943122473639148,0,0.18125,0.2702486324356394,2,0,4,23,0.4038
2019-06-13 00:00:00+00:00,0.0030739998910576105,0.0022823020246851566,0,0.2998875,0.2795048756922038,5,0,8,26,0.44123461538461534
2019-06-14 00:00:00+00:00,0.0031240000389516354,0.016265500867282734,0,0.28945,0.27323814399408686,3,0,4,18,0.39379444444444445
2019-06-15 00:00:00+00:00,0.003157000057399273,0.010563386055113977,0,0.09496111111111111,0.4259014345222432,7,5,18,12,0.5202166666666667
2019-06-16 00:00:00+00:00,0.003186000045388937,0.009185932043838552,0,0.42416,0.39059703403891843,3,0,5,14,0.5457428571428571
2019-06-17 00:00:00+00:00,0.0031900000758469105,0.0012555023229716689,0,0.048985714285714285,0.3174206537523534,1,2,7,17,0.25334117647058824
2019-06-18 00:00:00+00:00,0.0031250000465661287,-0.020376184243044215,0,0.33364000000000005,0.32703860322598005,3,0,5,11,0.2913090909090909
2019-06-19 00:00:00+00:00,0.0031300000846385956,0.0016000121593473526,0,-0.13762,0.3046316420422102,1,3,10,23,0.2741782608695652
2019-06-20 00:00:00+00:00,0.0031610000878572464,0.009904154115136565,0,0.08842222222222224,0.2346383215598945,2,1,9,12,0.37735
2019-06-21 00:00:00+00:00,0.003223000094294548,0.019614047679236135,0,0.2865875,0.3662399581753549,4,1,8,23,0.3637608695652174
2019-06-22 00:00:00+00:00,0.0032790000550448895,0.01737510366489725,0,0.0,0.0,0,0,2,26,0.45949999999999996
2019-06-23 00:00:00+00:00,0.00330400001257658,0.007624262614215782,0,0.22221111111111114,0.33534976682728007,3,0,9,30,0.35663
2019-06-24 00:00:00+00:00,0.0033680000342428684,0.019370466532286468,0,0.2289037037037037,0.37727434568074186,15,3,27,28,0.3699
2019-06-25 00:00:00+00:00,0.0033919999841600657,0.007125875793701608,0,0.2707363636363636,0.3603599200078332,10,1,22,25,0.321528
2019-06-26 00:00:00+00:00,0.003378999885171652,-0.0038325763706136273,0,0.06660526315789474,0.35653013348365287,11,5,19,25,0.498224
2019-06-27 00:00:00+00:00,0.0033289999701082706,-0.014797252667216765,0,0.21873333333333334,0.24806150581391434,4,0,6,38,0.41037368421052633
2019-06-28 00:00:00+00:00,0.003490000031888485,0.04836289072570277,0,0.32235714285714284,0.49175964065366745,8,2,14,27,0.48152222222222224
2019-06-29 00:00:00+00:00,0.0034050000831484795,-0.02435528594938463,0,0.83925,0.1898581707485881,2,0,2,12,0.3665416666666667
2019-06-30 00:00:00+00:00,0.0032579998951405287,-0.043171860328421796,0,0.27175,0.7378659261681624,1,1,2,35,0.3550714285714286
2019-07-01 00:00:00+00:00,0.003237999975681305,-0.006138710897153343,0,0.45673333333333327,0.14348325105507378,3,0,3,31,0.35643548387096774
2019-07-02 00:00:00+00:00,0.003203999949619174,-0.010500316960310396,0,0.3016857142857142,0.5305979847573598,5,2,7,35,0.4572
2019-07-03 00:00:00+00:00,0.0033130000811070204,0.03402001660480747,0,0.47879999999999995,0.3908216268324976,4,0,6,34,0.5166294117647059
2019-07-04 00:00:00+00:00,0.0032289999071508646,-0.02535471533344713,0,0.0,0.0,0,0,2,18,0.25838333333333335
2019-07-05 00:00:00+00:00,0.0038670001085847616,0.19758445951670578,0,0.0,0.0,0,0,0,97,0.519141237113402
2019-07-06 00:00:00+00:00,0.0035470000002533197,-0.08275151263146852,0,0.1969166666666667,0.34642068308151963,3,1,6,52,0.4145
2019-07-07 00:00:00+00:00,0.0036329999566078186,0.024245829249607276,0,0.23370000000000002,0.32998201297781204,4,0,10,40,0.5048575
2019-07-08 00:00:00+00:00,0.00355900009162724,-0.020368804256654327,0,0.18592380952380952,0.28939357958455453,8,2,21,45,0.3416888888888889
2019-07-09 00:00:00+00:00,0.0035490000154823065,-0.0028097993502330665,0,0.09745,0.345572236851216,7,3,18,57,0.4204122807017544
2019-07-10 00:00:00+00:00,0.00342399999499321,-0.03522119468689522,0,0.33190000000000003,0.35122874312903263,2,0,3,57,0.43532631578947373
2019-07-11 00:00:00+00:00,0.0032430000137537718,-0.052862144130872535,0,0.287275,0.3922322218193367,2,0,4,29,0.47520689655172416
2019-07-12 00:00:00+00:00,0.0033400000538676977,0.029910588869115795,0,0.09365,0.44717014353904183,4,2,12,49,0.4475693877551021
2019-07-13 00:00:00+00:00,0.003249000059440732,-0.02724550687404581,0,0.13320833333333335,0.427542113732848,6,3,12,28,0.4203357142857143
2019-07-14 00:00:00+00:00,0.0030139998998492956,-0.07232999547309593,0,0.15969999999999998,0.21327350984123647,2,0,3,27,0.6097037037037037
2019-07-15 00:00:00+00:00,0.003092000028118491,0.02587927367651721,0,0.0,0.0,0,0,2,58,0.4470913793103448
2019-07-16 00:00:00+00:00,0.0028250000905245543,-0.08635185484018537,0,0.17139333333333334,0.35470140051007626,7,1,15,26,0.22558076923076922
2019-07-17 00:00:00+00:00,0.0030300000216811895,0.07256634498676084,0,0.26993076923076925,0.3833885504824389,7,1,13,41,0.4274292682926829
2019-07-18 00:00:00+00:00,0.0031210000161081553,0.030033001246143387,0,0.15218,0.5039309847871745,7,3,15,25,0.363112
2019-07-19 00:00:00+00:00,0.0030590000096708536,-0.019865429707563664,0,0.08038,0.1797351440314331,1,0,5,26,0.49383076923076924
2019-07-20 00:00:00+00:00,0.003117999993264675,0.019287343382574873,0,-0.009199999999999996,0.1934507689310125,1,1,5,22,0.44323636363636365
2019-07-21 00:00:00+00:00,0.0030759999062865973,-0.013470201112509295,0,0.27803333333333335,0.3346988955265115,3,0,6,29,0.3432
2019-07-22 00:00:00+00:00,0.002997000003233552,-0.025682674076676237,0,0.09492608695652174,0.29496994179282887,6,3,23,19,0.3231894736842105
2019-07-23 00:00:00+00:00,0.0028800000436604023,-0.0390390255078128,0,0.6946,0.21708178182427004,2,0,2,27,0.3352111111111111
2019-07-24 00:00:00+00:00,0.0029150000773370266,0.012152789286815402,0,0.05103333333333334,0.08839232621293171,1,0,3,22,0.41525
2019-07-25 00:00:00+00:00,0.002920999890193343,0.0020582547846097476,0,0.0804,0.3839593044842122,3,3,9,21,0.27545238095238095
2019-07-26 00:00:00+00:00,0.002920999890193343,0.0,0,0.24375714285714284,0.32844958952195824,3,0,7,16,0.43161875
2019-07-27 00:00:00+00:00,0.0028230000752955675,-0.03355009194857894,0,0.24327142857142858,0.30204126164526546,7,0,14,16,0.5271125
2019-07-28 00:00:00+00:00,0.0028589998837560415,0.012752322883556655,0,0.21897142857142857,0.3285932137808953,10,3,21,18,0.34602222222222223
2019-07-29 00:00:00+00:00,0.002839999971911311,-0.006645649743703075,0,0.2732,0.0,1,0,1,14,0.4736357142857143
2019-07-30 00:00:00+00:00,0.0028170000296086073,-0.00809857131344438,0,0.4215,0.0,1,0,1,12,0.5004416666666667
2019-07-31 00:00:00+00:00,0.0028989999555051327,0.02910895457389051,0,0.15354,0.21682019739867409,2,0,5,21,0.5735
2019-08-01 00:00:00+00:00,0.002956999931484461,0.02000689095189112,0,0.29454,0.39047669968898274,3,1,5,35,0.46613142857142853
2019-08-02 00:00:00+00:00,0.0029090000316500664,-0.01623263474689962,0,0.49775,0.08110514780209702,2,0,2,17,0.31800000000000006
2019-08-03 00:00:00+00:00,0.0029120000544935465,0.0010312900690407911,0,-0.12332000000000001,0.41144739274906095,1,2,5,12,0.751325
2019-08-04 00:00:00+00:00,0.0029380000196397305,0.008928559292457061,0,0.197890625,0.3680008278035702,15,4,32,14,0.5291714285714286
2019-08-05 00:00:00+00:00,0.0030869999900460243,0.050714761541956976,0,0.38745,0.5479370447414557,1,0,2,21,0.5136047619047619
2019-08-06 00:00:00+00:00,0.002950000111013651,-0.044379617581511877,0,0.36337142857142857,0.48329901273878645,4,1,7,11,0.5120272727272727
2019-08-07 00:00:00+00:00,0.0030060000717639923,0.018983036828123856,0,0.11032499999999999,0.20444917461315415,3,1,8,19,0.46939473684210525
2019-08-08 00:00:00+00:00,0.0029279999434947968,-0.025948145843996295,0,0.5748,0.3723336608473642,4,0,5,29,0.41637931034482756
2019-08-09 00:00:00+00:00,0.0029039999935775995,-0.008196704364874852,0,0.320937037037037,0.3542284010549692,16,2,27,27,0.36217777777777777
2019-08-10 00:00:00+00:00,0.002841999987140298,-0.021349864522871576,0,0.29763333333333336,0.26782212505068853,4,0,6,23,0.5854304347826087
2019-08-11 00:00:00+00:00,0.0028979999478906393,0.019704419776120474,0,0.13786666666666667,0.3138834157241613,3,1,6,13,0.3594307692307692
2019-08-12 00:00:00+00:00,0.0028800000436604023,-0.006211147189060018,0,0.0,0.0,0,0,0,21,0.5114761904761904
2019-08-13 00:00:00+00:00,0.0028250000905245543,-0.019097205660436267,0,0.0,0.0,0,0,1,21,0.40635714285714286
2019-08-14 00:00:00+00:00,0.002722000004723668,-0.036460206194811384,0,0.13419999999999999,0.4063035564697902,1,1,2,22,0.4047636363636364
2019-08-15 00:00:00+00:00,0.0026400000788271427,-0.030124880879583205,0,0.12887692307692308,0.3162920463586519,5,2,13,30,0.5518566666666668
2019-08-16 00:00:00+00:00,0.0026809999253600836,0.015530244435127294,0,0.05034444444444445,0.14461247448881365,2,1,9,21,0.4101
2019-08-17 00:00:00+00:00,0.0026459998916834593,-0.01305484321187489,0,0.0,0.14433756729740643,1,1,7,19,0.4632210526315789
2019-08-18 00:00:00+00:00,0.0027230000123381615,0.029100575890693925,0,0.20488947368421054,0.2012496208270737,13,1,19,11,0.23126363636363634
2019-08-19 00:00:00+00:00,0.0027970001101493835,0.027175944721234302,0,0.25020000000000003,0.43335911205373306,1,0,3,23,0.4295695652173913
2019-08-20 00:00:00+00:00,0.0027630000840872526,-0.012155890140567394,0,0.3537125,0.3317526385225394,11,0,16,29,0.4163586206896552
2019-08-21 00:00:00+00:00,0.002675000112503767,-0.031849427761619475,0,0.6282,0.05982123368838193,2,0,2,23,0.5916826086956523
2019-08-22 00:00:00+00:00,0.0027000000700354576,0.009345778123460047,0,0.0,0.0,0,0,0,30,0.46832
2019-08-23 00:00:00+00:00,0.0027129999361932278,0.004814765118728026,0,0.296,0.0,1,0,1,21,0.42219523809523807
2019-08-24 00:00:00+00:00,0.00266100000590086,-0.019166948586564314,0,0.32672666666666667,0.2686411213780163,11,0,15,19,0.33720526315789473
2019-08-25 00:00:00+00:00,0.002662000013515353,0.0003758014326478154,0,0.4005,0.0,1,0,1,15,0.43564
2019-08-26 00:00:00+00:00,0.002678999910131097,0.006386136938179021,0,0.07986666666666666,0.39007776489652246,2,1,6,21,0.3396190476190476
2019-08-27 00:00:00+00:00,0.0026199999265372753,-0.02202313757858032,0,0.22127692307692307,0.3134633156469992,5,0,13,14,0.28235
2019-08-28 00:00:00+00:00,0.0025239998940378428,-0.036641234805800615,0,0.03818,0.1538558835043005,2,1,10,15,0.3861466666666667
2019-08-29 00:00:00+00:00,0.0024500000290572643,-0.029318489733450415,0,0.11523333333333331,0.4778516750345585,2,1,3,17,0.1427470588235294
2019-08-30 00:00:00+00:00,0.0024820000398904085,0.01306122875657989,0,0.17718571428571428,0.30611997881316316,2,0,7,18,0.5284833333333334
2019-08-31 00:00:00+00:00,0.0025110000278800726,0.011684120678315812,0,0.0,0.0,0,0,0,16,0.5548
2019-09-01 00:00:00+00:00,0.002492000116035342,-0.007566671299789385,0,0.0,0.0,0,0,0,11,0.5473727272727272
2019-09-02 00:00:00+00:00,0.002595999976620078,0.04173348946315247,0,0.0,0.0,0,0,0,9,0.5036555555555555
2019-09-03 00:00:00+00:00,0.0025949999690055847,-0.00038521094895982433,0,0.3138,0.2749279396496471,4,0,6,13,0.37846153846153846
2019-09-04 00:00:00+00:00,0.002689999993890524,0.03660887322528317,0,-0.14676,0.4352328721500709,1,2,5,13,0.35698461538461534
2019-09-05 00:00:00+00:00,0.0025309999473392963,-0.05910782413098348,0,0.23885555555555557,0.37887666565490385,3,0,9,14,0.7364642857142857
2019-09-06 00:00:00+00:00,0.002509000012651086,-0.008692190891326557,0,0.18084285714285714,0.2820531619934018,4,1,7,15,0.45082
2019-09-07 00:00:00+00:00,0.002515000058338046,0.0023914091896000134,0,0.2241391304347826,0.3661767850979415,9,1,23,17,0.4872235294117647
2019-09-08 00:00:00+00:00,0.002500999951735139,-0.005566642655332021,0,0.0,0.0,0,0,2,10,0.41306000000000004
2019-09-09 00:00:00+00:00,0.0024610001128166914,-0.01599353846076501,0,0.09472727272727272,0.3959890176228655,9,4,22,17,0.3806470588235294
2019-09-10 00:00:00+00:00,0.0024369999300688505,-0.009752207089650189,0,0.25660714285714287,0.33178398548148463,7,1,14,7,0.33107142857142857
2019-09-11 00:00:00+00:00,0.0023990001063793898,-0.015592870242055024,0,0.24235454545454546,0.353648128409119,4,0,11,26,0.3883153846153846
2019-09-12 00:00:00+00:00,0.0024250000715255737,0.010837834094731935,0,0.17915882352941176,0.3803880552455997,7,3,17,16,0.34718125
2019-09-13 00:00:00+00:00,0.002426000079140067,0.00041237426185491977,0,0.33225,0.2676880628642226,4,0,6,21,0.4088857142857143
2019-09-14 00:00:00+00:00,0.002440999960526824,0.006182968218234386,0,0.24171875,0.41131339587351157,11,2,16,10,0.30725
2019-09-15 00:00:00+00:00,0.002460000105202198,0.007783754601648374,0,0.4682666666666667,0.39110828423852134,6,0,9,15,0.30482000000000004
2019-09-16 00:00:00+00:00,0.002455000067129731,-0.002032535714894146,0,0.3857,0.48485880418942584,5,1,7,14,0.3970928571428572
2019-09-17 00:00:00+00:00,0.0026080000679939985,0.06232179090860379,0,0.16303333333333334,0.28832997127134274,8,1,21,19,0.3809842105263158
2019-09-18 00:00:00+00:00,0.002718999981880188,0.042561315564522806,0,0.06642727272727272,0.36201692526982515,4,1,11,19,0.5799578947368421
2019-09-19 00:00:00+00:00,0.0027089999057352543,-0.003677850758211032,0,0.31227,0.29702022022451974,6,0,10,16,0.4040375
2019-09-20 00:00:00+00:00,0.002672000089660287,-0.013658109030064813,0,0.3000666666666667,0.5452763091620003,2,1,3,20,0.43572999999999995
2019-09-21 00:00:00+00:00,0.0025859999004751444,-0.0321856984653307,0,-0.00826666666666668,0.3354420705079592,2,2,6,10,0.44616
2019-09-22 00:00:00+00:00,0.0025919999461621046,0.002320203371182661,0,0.1005846153846154,0.3624539829324403,5,3,13,9,0.4776777777777778
2019-09-23 00:00:00+00:00,0.002486000070348382,-0.04089501466644452,0,0.2195,0.2448695804475751,5,0,8,14,0.3249071428571429
2019-09-24 00:00:00+00:00,0.0022279999684542418,-0.10378121262803697,0,0.31124444444444443,0.3231439967172206,12,1,18,15,0.20438
2019-09-25 00:00:00+00:00,0.002196999965235591,-0.013913825699090165,0,0.0,0.0,0,0,4,8,0.4773625
2019-09-26 00:00:00+00:00,0.0021550001110881567,-0.01911691161220863,0,0.22240833333333332,0.3167444216133702,11,1,24,15,0.3252333333333333
2019-09-27 00:00:00+00:00,0.002220999915152788,0.03062635761596555,0,0.15494666666666665,0.33854005221300026,6,1,15,14,0.3785357142857143
2019-09-28 00:00:00+00:00,0.002234000014141202,0.0058532640635060584,0,0.06068,0.6051119830246299,2,1,5,15,0.45089999999999997
2019-09-29 00:00:00+00:00,0.002222999930381775,-0.0049239407743046915,0,0.3612,0.0,1,0,1,16,0.39842500000000003
2019-09-30 00:00:00+00:00,0.0023870000150054693,0.07377421941508078,0,0.2202,0.31140982643455556,1,0,2,15,0.5017866666666666
2019-10-01 00:00:00+00:00,0.0023880000226199627,0.0004189390901578882,0,0.2772764705882353,0.4044120184437706,10,3,17,13,0.3600384615384616
2019-10-02 00:00:00+00:00,0.0023509999737143517,-0.015494157686404386,0,0.18843749999999998,0.37360237815662484,3,1,8,13,0.4324230769230769
2019-10-03 00:00:00+00:00,0.0023250000085681677,-0.011059109075661322,0,0.34635000000000005,0.4266747824748962,2,0,4,34,0.34643823529411766
2019-10-04 00:00:00+00:00,0.002360000042244792,0.0150537778699531,0,0.29181666666666667,0.3878045818020549,3,1,6,17,0.24435882352941174
2019-10-05 00:00:00+00:00,0.0023219999857246876,-0.016101718576224888,0,0.34568,0.3570574141507217,3,0,5,8,0.4788
2019-10-06 00:00:00+00:00,0.002345999935641885,0.01033589580738381,0,0.17031249999999998,0.22249409261820863,4,0,8,13,0.27822307692307696
2019-10-07 00:00:00+00:00,0.0023900000378489494,0.018755372299286144,0,0.0318777777777778,0.41944065068188663,3,2,9,15,0.37459333333333333
2019-10-08 00:00:00+00:00,0.002345999935641885,-0.01841008431391722,0,0.39020000000000005,0.42987359537426817,5,1,6,9,0.35086666666666666
2019-10-09 00:00:00+00:00,0.0023880000226199627,0.01790285086541843,0,0.07321538461538461,0.29678934036424914,9,4,26,17,0.40892941176470593
2019-10-10 00:00:00+00:00,0.0023320000618696213,-0.023450569606319305,0,0.34299999999999997,0.37562573128048615,5,1,7,24,0.3411291666666667
2019-10-11 00:00:00+00:00,0.0023449999280273914,0.005574556523531005,0,0.4019,0.0,1,0,1,11,0.4959727272727273
2019-10-12 00:00:00+00:00,0.0023399998899549246,-0.0021322124630821504,0,0.24190869565217393,0.37129783550166484,15,4,23,8,0.4871
2019-10-13 00:00:00+00:00,0.0024470000062137842,0.04572654756018846,0,0.24431818181818182,0.24105403468177758,6,0,11,19,0.474978947368421
2019-10-14 00:00:00+00:00,0.0025450000539422035,0.040049059043548496,0,0.2717296296296296,0.3803033210628011,17,3,27,24,0.478875
2019-10-15 00:00:00+00:00,0.0025100000202655792,-0.013752468736654588,0,0.2410857142857143,0.40942232649010657,5,1,7,13,0.46907692307692306
2019-10-16 00:00:00+00:00,0.002607000060379505,0.03864543399631626,0,0.31273333333333336,0.5416700225537069,1,0,3,17,0.6173529411764707
2019-10-17 00:00:00+00:00,0.0027550000231713057,0.05677021839817531,0,-0.0971,0.25169123941845895,1,2,5,19,0.38602105263157893
2019-10-18 00:00:00+00:00,0.002706000115722418,-0.017785810176685124,0,0.0,0.0,0,0,0,24,0.4132833333333334
2019-10-19 00:00:00+00:00,0.002742999931797385,0.013673249997289583,0,0.0,0.0,0,0,0,14,0.4775857142857142
2019-10-20 00:00:00+00:00,0.002730000065639615,-0.004739287816624804,0,0.0,0.0,0,0,0,15,0.3518
2019-10-21 00:00:00+00:00,0.002773999935016036,0.016117167882233163,0,0.3194,0.39273618371624486,2,0,3,19,0.2812631578947369
2019-10-22 00:00:00+00:00,0.0025649999734014273,-0.07534245368084358,0,-0.05,0.1118033988749895,0,1,5,20,0.30018
2019-10-23 00:00:00+00:00,0.0024949999060481787,-0.027290474884653526,0,0.6159,0.3751558942626385,4,0,5,21,0.3587666666666666
2019-10-24 00:00:00+00:00,0.00253800000064075,0.017234507499713336,0,0.10117272727272728,0.357758133634748,4,2,11,39,0.3232025641025641
2019-10-25 00:00:00+00:00,0.0026839999482035637,0.057525590041747066,0,0.125,0.4110932821959836,4,3,10,15,0.48724666666666666
2019-10-26 00:00:00+00:00,0.002621999941766262,-0.02309985381288815,0,0.31645,0.39208163690741754,2,0,4,14,0.3686642857142857
2019-10-27 00:00:00+00:00,0.0026539999525994062,0.012204428506427778,0,0.5486666666666666,0.4843485762685107,2,0,3,11,0.3662545454545455
2019-10-28 00:00:00+00:00,0.0026459998916834593,-0.003014341016890909,0,0.0013117647058823554,0.4618915983246948,7,8,17,13,0.33192307692307693
2019-10-29 00:00:00+00:00,0.0026549999602138996,0.0034013865830939682,0,0.0,0.0,0,0,1,13,0.5402692307692308
2019-10-30 00:00:00+00:00,0.002615999896079302,-0.014689289913004666,0,0.48172000000000004,0.3315662403114734,11,0,15,19,0.3333315789473684
2019-10-31 00:00:00+00:00,0.0026149998884648085,-0.0003822659228664982,0,-0.3843,0.22344574285494903,0,2,2,15,0.3019266666666667
2019-11-01 00:00:00+00:00,0.002630000002682209,0.005736181589746314,0,0.55205,0.13385531367861353,2,0,2,17,0.3803529411764706
2019-11-02 00:00:00+00:00,0.002626999979838729,-0.0011406930952169159,0,0.0,0.0,0,0,0,12,0.09176666666666668
2019-11-03 00:00:00+00:00,0.0026370000559836626,0.003806652539657618,0,0.0,0.0,0,0,0,12,0.48038333333333333
2019-11-04 00:00:00+00:00,0.0026140001136809587,-0.008722010547748904,0,0.502475,0.3288920225545156,4,0,4,11,0.47219090909090916
2019-11-05 00:00:00+00:00,0.002623999956995249,0.0038254945980888966,0,0.24466000000000002,0.42995100651120705,3,1,5,16,0.49635625
2019-11-06 00:00:00+00:00,0.0026279999874532223,0.0015244018763451717,0,0.0842,0.22620689092067905,3,1,9,13,0.5164076923076923
2019-11-07 00:00:00+00:00,0.002725000027567148,0.036910213309372164,0,0.21346363636363638,0.2332632130136566,6,0,11,13,0.3995153846153846
2019-11-08 00:00:00+00:00,0.002652999944984913,-0.026422048386735675,0,0.25264444444444445,0.4074059833603058,6,1,9,25,0.493072
2019-11-09 00:00:00+00:00,0.0027129999361932278,0.022615903676038718,0,0.006149999999999989,1.1093798290035743,1,1,2,15,0.5092933333333334
2019-11-10 00:00:00+00:00,0.0027749999426305294,0.02285293324565929,0,0.215175,0.24954620647620884,2,0,4,13,0.16527692307692307
2019-11-11 00:00:00+00:00,0.0027149999514222145,-0.02162161890044534,0,0.0,0.0,0,0,1,12,0.5039833333333333
2019-11-12 00:00:00+00:00,0.002725000027567148,0.003683269364220587,0,0.5387666666666666,0.4973306378389866,2,0,3,21,0.3452857142857143
2019-11-13 00:00:00+00:00,0.002698000054806471,-0.009908246784416597,0,0.478525,0.2942667426559334,4,0,4,14,0.5148071428571429
2019-11-14 00:00:00+00:00,0.00267999991774559,-0.006671659264355312,0,0.07952222222222222,0.2731833623126497,2,1,9,5,0.41736000000000006
2019-11-15 00:00:00+00:00,0.0026569999754428864,-0.008582068286797306,0,0.04689999999999999,0.3140872649439961,1,1,3,9,0.2687111111111111
2019-11-16 00:00:00+00:00,0.002669000066816807,0.004516406279574836,0,0.2114,0.18428966330209623,2,0,3,12,0.36600000000000005
2019-11-17 00:00:00+00:00,0.002647999906912446,-0.007868175113763365,0,0.0,0.0,0,0,0,12,0.2936666666666667
2019-11-18 00:00:00+00:00,0.0025760000571608543,-0.027190276541793068,0,0.06464,0.5187211370283652,2,2,5,13,0.5921846153846153
2019-11-19 00:00:00+00:00,0.0025480000767856836,-0.01086955735786399,0,0.2817777777777778,0.20953131494944724,7,0,9,10,0.52973
2019-11-20 00:00:00+00:00,0.002555999904870987,0.003139649860370186,0,-0.13073333333333334,0.6822596597581696,1,1,3,9,0.5571666666666667
2019-11-21 00:00:00+00:00,0.002426000079140067,-0.05086065358734104,0,0.19537142857142856,0.3275957351894034,2,0,7,12,0.139375
2019-11-22 00:00:00+00:00,0.0023620000574737787,-0.026380881936728606,0,0.19693,0.2634493839220143,4,0,10,13,0.32965384615384613
2019-11-23 00:00:00+00:00,0.0025049999821931124,0.06054188028779128,0,0.29165384615384615,0.4656095728815875,8,2,13,10,0.51436
2019-11-24 00:00:00+00:00,0.002365000080317259,-0.055888184778861594,0,0.22925454545454543,0.3028749148179393,11,1,22,13,0.37027692307692306
2019-11-25 00:00:00+00:00,0.00228599994443357,-0.033403861818512626,0,0.19836,0.3225034077339339,2,0,5,10,0.29728
2019-11-26 00:00:00+00:00,0.0022909999825060368,0.0021872433044638484,0,0.5829333333333334,0.23196744024395613,3,0,3,14,0.2550428571428571
2019-11-27 00:00:00+00:00,0.002339000115171075,0.020951607608714395,0,0.3807142857142857,0.37545035814148775,4,0,7,10,0.32732
2019-11-28 00:00:00+00:00,0.0023129999171942472,-0.011115945573575092,0,0.0,0.0,0,0,0,13,0.574976923076923
2019-11-29 00:00:00+00:00,0.0024560000747442245,0.06182454071310195,0,0.0,0.0,0,0,1,14,0.6247999999999999
2019-11-30 00:00:00+00:00,0.002319999970495701,-0.055374633595109746,0,0.0,0.0,0,0,0,5,0.2509
2019-12-01 00:00:00+00:00,0.00229199999012053,-0.01206895721174861,0,0.0835,0.4674752749903172,5,4,12,3,0.01059999999999998
2019-12-02 00:00:00+00:00,0.0022350000217556953,-0.02486909625241196,0,0.0,0.0,0,0,2,8,0.27065
2019-12-03 00:00:00+00:00,0.0022169998846948147,-0.008053752521550606,0,-0.195575,0.48640414865966486,1,2,4,9,0.5315888888888889
2019-12-04 00:00:00+00:00,0.002208000048995018,-0.00405946602069196,0,0.0,0.0,0,0,1,12,0.5134166666666666
2019-12-05 00:00:00+00:00,0.002222999930381775,0.006793424390359126,0,0.0,0.0,0,0,0,9,0.5151
2019-12-06 00:00:00+00:00,0.002225999953225255,0.0013495379835504195,0,0.0,0.0,0,0,0,19,0.4974052631578948
2019-12-07 00:00:00+00:00,0.0022299999836832285,0.0017969589137583064,0,0.4879384615384615,0.46005943010742556,11,1,13,17,0.645035294117647
2019-12-08 00:00:00+00:00,0.0022380000445991755,0.003587471289005828,0,-0.5422,0.0,0,1,1,8,0.5823875000000001
2019-12-09 00:00:00+00:00,0.002208000048995018,-0.013404823505948738,0,0.6696,0.0,1,0,1,8,0.547175
2019-12-10 00:00:00+00:00,0.0022040000185370445,-0.0018116079570714705,0,0.18664999999999998,0.478130441406945,2,2,6,11,0.5238363636363637
2019-12-11 00:00:00+00:00,0.002185000106692314,-0.008620649584813567,0,0.0,0.0,0,0,1,15,0.4225066666666667
2019-12-12 00:00:00+00:00,0.0021879998967051506,0.0013729015406673817,0,0.012673684210526314,0.1911983723841267,5,3,19,15,0.5236733333333333
2019-12-13 00:00:00+00:00,0.0021750000305473804,-0.0059414381953794,0,0.32839999999999997,0.31071732330206503,3,0,5,12,0.483675
2019-12-14 00:00:00+00:00,0.0021699999924749136,-0.0022988680470080736,0,0.43637999999999993,0.4455990596938014,3,0,5,8,0.3857125
2019-12-15 00:00:00+00:00,0.0021540001034736633,-0.0073732207634720215,0,0.0,0.0,0,0,0,5,0.31532
2019-12-16 00:00:00+00:00,0.0021210000850260258,-0.015320342090244021,0,0.0,0.0,0,0,0,13,0.3661923076923077
2019-12-17 00:00:00+00:00,0.0020179999992251396,-0.04856203756334232,0,0.17279999999999998,0.2772551893112192,1,0,3,9,0.3617888888888889
2019-12-18 00:00:00+00:00,0.0021830000914633274,0.08176416863307412,0,0.32489999999999997,0.6028177709722898,4,1,5,14,0.3695928571428571
2019-12-19 00:00:00+00:00,0.0021230001002550125,-0.027485107051963165,0,0.2215875,0.28733063303200274,4,0,8,6,0.36846666666666666
2019-12-20 00:00:00+00:00,0.0020749999675899744,-0.02260957625921567,0,0.31584,0.28599049459728554,4,0,5,14,0.4718714285714286
2019-12-21 00:00:00+00:00,0.0020840000361204147,0.004337382492055397,0,0.32822,0.24376544190402927,8,0,10,10,0.22388
2019-12-22 00:00:00+00:00,0.0021150000393390656,0.01487524120986139,0,0.1968666666666667,0.4422618750851651,15,7,27,4,0.491075
2019-12-23 00:00:00+00:00,0.0020729999523609877,-0.0198581967833924,0,0.4078,0.37949814228794326,2,0,3,9,0.6963111111111111
2019-12-24 00:00:00+00:00,0.0020729999523609877,0.0,0,0.21265714285714285,0.44082165273930174,4,1,7,11,0.30256363636363637
2019-12-25 00:00:00+00:00,0.002088000066578388,0.007235945278395439,0,0.0,0.0,0,0,0,9,0.43606666666666666
2019-12-26 00:00:00+00:00,0.0020580000709742308,-0.014367813528530449,0,0.22858499999999998,0.3966840812151071,9,3,20,12,0.5039916666666667
2019-12-27 00:00:00+00:00,0.002053000032901764,-0.002429561661822399,0,-0.43945,0.027365032431919418,0,2,2,14,0.12117857142857143
2019-12-28 00:00:00+00:00,0.0020639998838305473,0.0053579399671201955,0,0.16136842105263158,0.4223995660412222,9,6,19,22,0.42952727272727276
2019-12-29 00:00:00+00:00,0.002067999914288521,0.0019379993619716984,0,0.2951708333333333,0.46140789884040656,15,4,24,12,0.33674166666666666
2019-12-30 00:00:00+00:00,0.0020540000405162573,-0.00676976516078831,0,0.2297468085106383,0.37840411849207833,26,9,47,10,0.6127900000000001
2019-12-31 00:00:00+00:00,0.0020280000753700733,-0.01265821062965955,0,0.09582500000000001,0.39715151076132144,1,1,4,14,0.39767857142857144
2020-01-01 00:00:00+00:00,0.00203300011344254,0.002465501916490087,0,0.18839999999999998,0.6709408021576866,1,1,3,13,0.3958538461538462
2020-01-02 00:00:00+00:00,0.0020089999306946993,-0.011805303201484207,0,0.0,0.0,0,0,0,15,0.32248666666666664
2020-01-03 00:00:00+00:00,0.002145000034943223,0.06769542505732984,0,0.0,0.0,0,0,0,16,0.40351875
2020-01-04 00:00:00+00:00,0.0022410000674426556,0.044755259177407636,0,0.5025333333333334,0.466471031612182,2,0,3,17,0.4131058823529412
2020-01-05 00:00:00+00:00,0.0024190000258386135,0.0794288054614316,0,0.22754999999999997,0.15206054715145542,3,0,4,6,0.3323333333333333
2020-01-06 00:00:00+00:00,0.0024629998952150345,0.01818928024242883,0,0.3753,0.5307543499586226,1,0,2,15,0.39948666666666666
2020-01-07 00:00:00+00:00,0.002432999899610877,-0.012180266699336695,0,0.21127692307692308,0.297920459613653,5,0,13,17,0.26888235294117646
2020-01-08 00:00:00+00:00,0.0022929999977350235,-0.05754209110252917,0,0.4888,0.6912675892879688,1,0,2,15,0.47736666666666666
2020-01-09 00:00:00+00:00,0.0022559999488294125,-0.016136087632864782,0,0.2294,0.324420591208388,1,0,2,12,0.4303416666666666
2020-01-10 00:00:00+00:00,0.0023560000117868185,0.04432627004681167,2,0.12487333333333334,0.47075663786635885,6,4,15,20,0.34318499999999996
2020-01-11 00:00:00+00:00,0.0023139999248087406,-0.017826861955838713,0,-0.05531666666666668,0.46064755905862204,2,3,6,5,0.7428199999999999
2020-01-12 00:00:00+00:00,0.002380999969318509,0.02895421205137083,0,0.059940000000000014,0.3597397306078073,3,1,10,7,0.38952857142857145
2020-01-13 00:00:00+00:00,0.0023580000270158052,-0.009659782695959795,0,0.8687,0.0,1,0,1,17,0.4968058823529412
2020-01-14 00:00:00+00:00,0.002469999948516488,0.04749784572412641,0,0.4110142857142857,0.3802938750868484,5,1,7,12,0.2984583333333333
2020-01-15 00:00:00+00:00,0.0023690001107752323,-0.0408906234196148,0,0.6486,0.0,1,0,1,16,0.3161625
2020-01-16 00:00:00+00:00,0.0023449999280273914,-0.01013093356926309,0,-0.12981666666666666,0.33636304444255855,1,4,6,17,0.5544470588235294
2020-01-17 00:00:00+00:00,0.0024900001008063555,0.06183376427688758,0,0.165535,0.25745401894012265,9,1,20,14,0.6074142857142857
2020-01-18 00:00:00+00:00,0.002506999997422099,0.00682726744076767,0,0.13396666666666665,0.2320370731873106,1,0,3,19,0.6273052631578948
2020-01-19 00:00:00+00:00,0.0024049999192357063,-0.04068611020792878,0,0.08549999999999998,0.3387417748078911,1,1,3,19,0.6407894736842106
2020-01-20 00:00:00+00:00,0.0023739999160170555,-0.012889814660992815,0,0.49033333333333334,0.4315124254680662,2,0,3,12,0.5349333333333334
2020-01-21 00:00:00+00:00,0.0023759999312460423,0.0008424664278599003,0,0.3650428571428571,0.35658489805908705,4,0,7,16,0.47123125
2020-01-22 00:00:00+00:00,0.002322999993339181,-0.022306371818397563,0,0.22123636363636362,0.3465725473049684,6,1,11,20,0.49426499999999995
2020-01-23 00:00:00+00:00,0.002268000040203333,-0.023676260565454688,0,0.45457142857142857,0.23200611855642742,7,0,7,16,0.4472
2020-01-24 00:00:00+00:00,0.00227600010111928,0.0035273636570261058,0,0.0,0.0,0,0,2,10,0.33299
2020-01-25 00:00:00+00:00,0.002256999956443906,-0.008348042105108089,0,0.11300909090909092,0.4088937770486253,4,2,11,15,0.2901066666666667
2020-01-26 00:00:00+00:00,0.002305000089108944,0.02126722799794223,0,0.2463,0.3483208004124933,1,0,2,9,0.6659888888888889
2020-01-27 00:00:00+00:00,0.002368000103160739,0.027331892241335698,0,0.0005333333333333301,0.40110026593525633,1,1,3,8,0.3639125
2020-01-28 00:00:00+00:00,0.0024500000290572643,0.034628345576114716,0,0.15406,0.3444886326136176,1,0,5,14,0.5202785714285715
2020-01-29 00:00:00+00:00,0.0023900000378489494,-0.02448979203947288,0,0.18078999999999998,0.32930109305753735,6,1,10,30,0.38904333333333335
2020-01-30 00:00:00+00:00,0.0024399999529123306,0.020920466222411616,0,0.06767999999999999,0.38632974516596574,1,1,5,13,0.11756153846153847
2020-01-31 00:00:00+00:00,0.002394000068306923,-0.018852412087345893,0,0.1368764705882353,0.3951142185011376,6,2,17,19,0.2747578947368421
2020-02-01 00:00:00+00:00,0.0024220000486820936,0.011695897901528696,0,-0.11645714285714286,0.42412297295769796,2,4,7,14,0.28404285714285715
2020-02-02 00:00:00+00:00,0.0024679999332875013,0.01899252009942698,0,0.33178571428571424,0.5969145858974656,10,4,14,18,0.5019444444444444
2020-02-03 00:00:00+00:00,0.0024399999529123306,-0.011345211155607049,0,0.21506875,0.44994600375119087,10,4,16,14,0.33585714285714285
2020-02-04 00:00:00+00:00,0.0025029999669641256,0.025819678388353973,0,0.437425,0.5105128034633412,2,0,4,13,0.20355384615384614
2020-02-05 00:00:00+00:00,0.0025820001028478146,0.03156218015436396,0,0.27286,0.2653411020638236,6,0,10,12,0.3751083333333333
2020-02-06 00:00:00+00:00,0.002652999944984913,0.027498001281560436,0,0.217504,0.3194008003016482,12,1,25,20,0.596295
2020-02-07 00:00:00+00:00,0.002768999896943569,0.04372406873883894,0,0.6000142857142857,0.2866829865232759,7,0,7,20,0.27708
2020-02-08 00:00:00+00:00,0.0031590000726282597,0.14084513911147978,0,0.28342727272727275,0.417110422048908,7,2,11,31,0.5217483870967742
2020-02-09 00:00:00+00:00,0.0032319999299943447,0.023108532981244823,0,0.17716,0.39614180289386275,1,0,5,31,0.4489935483870968
2020-02-10 00:00:00+00:00,0.002985999919474125,-0.0761138662897961,0,0.31794761904761903,0.3565291637707182,12,1,21,26,0.4353769230769231
2020-02-11 00:00:00+00:00,0.0030410001054406166,0.018419352796291477,0,0.0,0.0,0,0,0,12,0.46590833333333337
2020-02-12 00:00:00+00:00,0.0030930000357329845,0.017099614761385773,0,0.19576666666666664,0.2386240697554768,3,0,6,16,0.57301875
2020-02-13 00:00:00+00:00,0.003025999991223216,-0.021661831146371324,0,0.44255,0.7350374990434162,1,1,2,13,0.3934923076923077
2020-02-14 00:00:00+00:00,0.0031300000846385956,0.03436883467185314,0,0.2364625,0.3423470792610497,3,0,8,18,0.39694999999999997
2020-02-15 00:00:00+00:00,0.0029200001154094934,-0.06709264011197291,0,0.2726736842105263,0.2829125656886972,11,2,19,18,0.3681944444444445
2020-02-16 00:00:00+00:00,0.002773999935016036,-0.050000059802388974,0,0.2018333333333333,0.6243944292939626,2,1,3,14,0.31961428571428574
2020-02-17 00:00:00+00:00,0.0027119999285787344,-0.022350399383460395,0,0.163325,0.19870469504602384,2,0,4,21,0.1884
2020-02-18 00:00:00+00:00,0.0028389999642968178,0.04682892295820951,0,0.15012,0.5402535117886786,2,1,5,15,0.41313333333333335
2020-02-19 00:00:00+00:00,0.002623999956995249,-0.07573089468312888,0,0.26181666666666664,0.29827047736352763,3,0,6,19,0.4871526315789474
2020-02-20 00:00:00+00:00,0.002658999990671873,0.013338427686829357,0,0.14541875,0.33219181049257274,5,2,16,20,0.34247
2020-02-21 00:00:00+00:00,0.002647999906912446,-0.0041369250838724225,0,0.164925,0.32985,1,0,4,9,0.6382888888888889
2020-02-22 00:00:00+00:00,0.002601000014692545,-0.01774920463449059,0,0.38882000000000005,0.31003175966342544,4,0,5,12,0.3847333333333333
2020-02-23 00:00:00+00:00,0.00267999991774559,0.0303728960425953,0,0.0,0.0,0,0,0,17,0.4150235294117647
2020-02-24 00:00:00+00:00,0.002589999930933118,-0.033582085662218986,0,0.0,0.0,0,0,0,15,0.3894266666666667
2020-02-25 00:00:00+00:00,0.0024759999942034483,-0.04401542076049325,0,0.1596142857142857,0.3589365571906992,4,2,14,14,0.5452785714285714
2020-02-26 00:00:00+00:00,0.002339000115171075,-0.05533113059495287,0,0.40047777777777777,0.27108260170000664,7,0,9,9,0.12526666666666667
2020-02-27 00:00:00+00:00,0.0023240000009536743,-0.006413045523216421,0,0.11315,0.1600182645825157,1,0,2,13,0.35459999999999997
2020-02-28 00:00:00+00:00,0.00228899996727705,-0.015060255448477555,0,-0.0011999999999999927,0.28779245994292485,1,1,2,11,0.653490909090909
2020-02-29 00:00:00+00:00,0.0022350000217556953,-0.023591064348328472,0,0.0,0.0,0,0,0,12,0.5483666666666667
2020-03-01 00:00:00+00:00,0.0022750000935047865,0.017897123650884472,0,0.0,0.0,0,0,0,11,0.5241272727272727
2020-03-02 00:00:00+00:00,0.002348999958485365,0.03252741184136698,0,0.17633000000000001,0.25656789030066357,4,0,10,14,0.29931428571428575
2020-03-03 00:00:00+00:00,0.002498999936506152,0.06385695218041088,0,0.24428,0.34468507945659616,4,0,10,12,0.46144999999999997
2020-03-04 00:00:00+00:00,0.0023980000987648964,-0.040416102563997414,0,0.41719999999999996,0.4489195752025077,4,1,5,15,0.4842533333333333
2020-03-05 00:00:00+00:00,0.0025059999898076057,0.04503748398439811,0,0.0,0.0,0,0,1,21,0.38826190476190475
2020-03-06 00:00:00+00:00,0.002495999913662672,-0.0039904533861157,0,-0.765,0.0,0,1,1,19,0.42686842105263156
2020-03-07 00:00:00+00:00,0.0024049999192357063,-0.03645833236165097,0,-0.05273333333333335,0.2986519490421361,1,1,6,14,0.4290142857142857
2020-03-08 00:00:00+00:00,0.0021869998890906572,-0.09064450622282272,0,0.10801250000000001,0.44979403361824555,4,2,8,12,0.48114166666666663
2020-03-09 00:00:00+00:00,0.0022140000946819782,0.012345773644528046,0,-0.11006666666666666,0.16192842040029085,0,1,3,19,0.29388947368421053
2020-03-10 00:00:00+00:00,0.0022070000413805246,-0.0031617222231686837,0,0.24729999999999996,0.42453551503897974,9,2,18,15,0.24582
2020-03-11 00:00:00+00:00,0.0021840000990778208,-0.010421360159248994,0,0.15322,0.40332773222151164,9,3,20,16,0.43548125
2020-03-12 00:00:00+00:00,0.0015369999455288053,-0.29624547811248125,0,0.1027,0.0,1,0,1,13,0.32585384615384616
2020-03-13 00:00:00+00:00,0.0017379999626427889,0.13077425129304698,0,0.0,0.0,0,0,0,18,0.17298888888888891
2020-03-14 00:00:00+00:00,0.0016659999964758754,-0.041426908926644024,0,0.14413636363636362,0.2793335578577242,5,2,11,16,0.29505625
2020-03-15 00:00:00+00:00,0.0016850000247359276,0.011404578811670785,0,0.07105,0.79895995206268,1,1,2,11,0.38283636363636364
2020-03-16 00:00:00+00:00,0.0015869999770075083,-0.05816026486039838,0,0.12203333333333334,0.29645730721302854,5,1,9,10,0.47438
2020-03-17 00:00:00+00:00,0.0015869999770075083,0.0,0,0.2353,0.5395384671179619,5,1,9,16,0.443025
2020-03-18 00:00:00+00:00,0.0015660000499337912,-0.013232468417116894,0,0.14317692307692306,0.4150305554089686,5,2,13,14,0.35892142857142856
2020-03-19 00:00:00+00:00,0.0017729999963194132,0.13218386959462336,0,0.1178681818181818,0.39664935022590425,11,5,22,22,0.36013636363636364
2020-03-20 00:00:00+00:00,0.0017729999963194132,0.0,0,0.35696666666666665,0.21911918826672086,5,0,6,21,0.2678
2020-03-21 00:00:00+00:00,0.0017849999712780118,0.006768175399610499,0,0.23152727272727275,0.3782415579782557,6,2,11,21,0.42856666666666665
2020-03-22 00:00:00+00:00,0.0017310000257566571,-0.030252070806865206,0,-0.26020000000000004,0.5092604559554963,1,3,6,22,0.4508318181818182
2020-03-23 00:00:00+00:00,0.0018050000071525574,0.04274984419110761,0,0.3055375,0.36517721519831986,10,3,16,17,0.4688117647058824
2020-03-24 00:00:00+00:00,0.001851000008173287,0.02548476500745056,0,0.28481999999999996,0.4711780118566049,8,2,15,17,0.23069411764705883
2020-03-25 00:00:00+00:00,0.0018339999951422215,-0.009184231742841775,0,0.2866,0.5322981260534363,4,1,5,19,0.4628789473684211
2020-03-26 00:00:00+00:00,0.0018420000560581684,0.004362083389932936,0,0.20364444444444443,0.23816932585406075,4,0,9,25,0.35566000000000003
2020-03-27 00:00:00+00:00,0.0018070000223815441,-0.019001103480704273,0,0.33086363636363636,0.40201641825360135,6,1,11,26,0.4450653846153846
2020-03-28 00:00:00+00:00,0.00177800003439188,-0.016048692656596364,0,0.14086666666666667,0.43121633008657423,1,1,3,18,0.41569999999999996
2020-03-29 00:00:00+00:00,0.0017229999648407102,-0.030933671815130848,0,0.0,0.0,0,0,0,9,0.1617222222222222
2020-03-30 00:00:00+00:00,0.0018309999722987413,0.06268137531158668,0,0.1305111111111111,0.20096148539237838,3,0,9,36,0.4356527777777778
2020-03-31 00:00:00+00:00,0.0018110000528395176,-0.010922949077991961,0,0.2064142857142857,0.36260421227821493,3,1,7,28,0.2624607142857143
2020-04-01 00:00:00+00:00,0.001867000013589859,0.030922119887593302,0,0.4875999999999999,0.19328768714017974,5,0,5,26,0.1588846153846154
2020-04-02 00:00:00+00:00,0.0018820000113919377,0.008034278357200941,0,-0.02542727272727271,0.5433766908709079,4,5,11,18,0.18501111111111113
2020-04-03 00:00:00+00:00,0.0018530000234022737,-0.015409132738641973,0,0.2206125,0.38725008435548897,10,3,16,18,0.25424444444444444
2020-04-04 00:00:00+00:00,0.001879999996162951,0.014570951116936737,0,-0.03366250000000001,0.3646264779097332,2,2,8,16,0.22066249999999998
2020-04-05 00:00:00+00:00,0.0018649999983608723,-0.007978722251432702,0,0.252525,0.41540772346036886,14,2,20,17,0.36252352941176474
2020-04-06 00:00:00+00:00,0.001979999942705035,0.06166216860334317,0,0.2527076923076923,0.35818500448217744,7,1,13,18,0.13141666666666665
2020-04-07 00:00:00+00:00,0.0019970000721514225,0.008585924211271578,0,0.17933636363636363,0.24627378777582998,5,0,11,21,0.31235714285714283
2020-04-08 00:00:00+00:00,0.0020119999535381794,0.007511207233256156,0,0.24156666666666668,0.24181570461820714,5,0,9,20,0.42855
2020-04-09 00:00:00+00:00,0.0020210000220686197,0.004473195197948865,0,-0.05095999999999999,0.3154646210133731,2,3,10,18,0.28137222222222225
2020-04-10 00:00:00+00:00,0.0019680000841617584,-0.026224610256368353,0,0.19471666666666668,0.5420920453822088,3,1,6,23,0.30083478260869567
2020-04-11 00:00:00+00:00,0.001990000018849969,0.011178828123669104,0,0.1971125,0.5149382582615402,4,3,8,25,0.478452
2020-04-12 00:00:00+00:00,0.001990000018849969,0.0,0,0.20751428571428573,0.38063667903733533,4,1,7,20,0.389795
2020-04-13 00:00:00+00:00,0.001959000015631318,-0.015577890917089499,0,0.1389142857142857,0.39758335154854185,3,1,7,10,0.17736000000000002
2020-04-14 00:00:00+00:00,0.001964000053703785,0.002552342027856147,0,0.353175,0.41232904639377516,2,0,4,16,0.353725
2020-04-15 00:00:00+00:00,0.0019399999873712659,-0.012219992706852922,0,0.4854,0.0,1,0,1,15,0.32387333333333335
2020-04-16 00:00:00+00:00,0.0020280000753700733,0.04536087039776171,0,0.19155789473684212,0.3720285088669609,27,8,57,28,0.4210285714285714
2020-04-17 00:00:00+00:00,0.0020129999611526728,-0.00739650574947015,0,0.14734444444444442,0.3497530668597172,3,2,9,14,0.5542285714285714
2020-04-18 00:00:00+00:00,0.002061000093817711,0.02384507381587464,0,0.3473294117647059,0.33804869797986553,10,0,17,24,0.50295
2020-04-19 00:00:00+00:00,0.0020580000709742308,-0.0014556150931186451,0,0.33204285714285714,0.3931071232242814,7,1,14,18,0.27525
2020-04-20 00:00:00+00:00,0.001981999957934022,-0.036929110990861824,0,0.26568,0.2873910524007315,3,0,5,17,0.5184705882352941
2020-04-21 00:00:00+00:00,0.0019710001070052385,-0.0055498744511828235,0,0.41205,0.48856763239962125,5,1,8,20,0.47562
2020-04-22 00:00:00+00:00,0.002010999945923686,0.02029418404204142,0,0.15464736842105262,0.4229994817023631,10,5,19,15,0.5319933333333333
2020-04-23 00:00:00+00:00,0.0020469999872148037,0.017901562535638016,0,0.28040499999999996,0.26214484841902114,12,1,20,20,0.28363499999999997
2020-04-24 00:00:00+00:00,0.002102999947965145,0.02735708895950517,0,0.20727500000000001,0.37997669314489985,6,4,16,15,0.37814000000000003
2020-04-25 00:00:00+00:00,0.002142000012099743,0.018544966761570247,0,0.4052727272727273,0.2962674164971944,17,0,22,18,0.573061111111111
2020-04-26 00:00:00+00:00,0.00240899994969368,0.12464983010537156,0,0.10726923076923077,0.37007258608867394,7,3,13,28,0.4243071428571429
2020-04-27 00:00:00+00:00,0.002355000004172325,-0.022415918077632657,0,0.17637083333333334,0.299021962955416,11,2,24,23,0.3761217391304348
2020-04-28 00:00:00+00:00,0.002339000115171075,-0.006794008056434597,0,0.0,0.0,0,0,1,23,0.4032608695652174
2020-04-29 00:00:00+00:00,0.002517000073567033,0.07610087628530926,0,0.15051111111111112,0.3902473268468486,4,1,9,29,0.5095413793103448
2020-04-30 00:00:00+00:00,0.0024429999757558107,-0.029400117460605002,0,-0.031058823529411767,0.4010947005677455,3,5,17,24,0.4164833333333333
2020-05-01 00:00:00+00:00,0.0024939998984336853,0.020875940722060893,0,0.1381892857142857,0.39754976799024866,11,5,28,28,0.43182499999999996
2020-05-02 00:00:00+00:00,0.002549000084400177,0.022053002488505946,0,0.3777769230769231,0.34106960226578914,9,1,13,20,0.492255
2020-05-03 00:00:00+00:00,0.0025100000202655792,-0.015300142347298151,0,0.46104,0.2930973869249302,8,0,10,25,0.48636
2020-05-04 00:00:00+00:00,0.002481000032275915,-0.011553779982278911,0,0.14800555555555558,0.3974807290515104,8,3,18,18,0.34476111111111113
2020-05-05 00:00:00+00:00,0.0024840000551193953,0.0012091990344424985,0,0.119225,0.41404423597256523,7,6,20,19,0.32394210526315786
2020-05-06 00:00:00+00:00,0.0025289999321103096,0.018115892106432163,0,0.29737368421052635,0.4571040519061342,14,3,19,19,0.3710157894736842
2020-05-07 00:00:00+00:00,0.00266400002874434,0.053380822561501784,0,0.16594666666666666,0.4794243075946856,15,8,30,30,0.48649333333333333
2020-05-08 00:00:00+00:00,0.002624999964609742,-0.014639663556227589,0,0.3002125,0.44987461938485335,10,1,16,19,0.38097894736842103
2020-05-09 00:00:00+00:00,0.0026130001060664654,-0.004571374744784307,0,0.1260611111111111,0.3410371467414017,8,4,18,19,0.38322105263157896
2020-05-10 00:00:00+00:00,0.0024590000975877047,-0.0589360896393486,0,0.011138461538461542,0.28792334783891566,2,3,13,27,0.3497481481481482
2020-05-11 00:00:00+00:00,0.0024129999801516533,-0.018706838393856784,0,0.2537695652173913,0.4205318455509994,12,2,23,20,0.452805
2020-05-12 00:00:00+00:00,0.0024629998952150345,0.02072105904461674,0,0.28054117647058824,0.4558753160936984,11,3,17,18,0.5702888888888888
2020-05-13 00:00:00+00:00,0.0025210001040250063,0.023548603847954208,0,0.2515,0.41160431148224047,7,1,14,20,0.35701499999999997
2020-05-14 00:00:00+00:00,0.0025740000419318676,0.021023377913488517,0,0.13172499999999998,0.2772334073355106,4,1,8,26,0.40856923076923074
2020-05-15 00:00:00+00:00,0.0025059999898076057,-0.02641804623795796,0,0.165125,0.4740294668129574,22,14,44,34,0.47565588235294115
2020-05-16 00:00:00+00:00,0.0025130000431090593,0.00279331737028099,0,0.0,0.0,0,0,0,20,0.48627000000000004
2020-05-17 00:00:00+00:00,0.00253800000064075,0.009948251931090724,0,0.44574285714285716,0.36387571530740576,5,0,7,21,0.3128761904761904
2020-05-18 00:00:00+00:00,0.0025430000387132168,0.0019700701620191108,0,0.5007,0.4410370392608766,2,0,3,21,0.4883809523809524
2020-05-19 00:00:00+00:00,0.00253800000064075,-0.001966196616731808,0,0.2698857142857143,0.4568024898814637,4,1,7,25,0.458888
2020-05-20 00:00:00+00:00,0.0025080000050365925,-0.011820329234272453,0,0.4215,0.0,1,0,1,23,0.5213086956521739
2020-05-21 00:00:00+00:00,0.0024850000627338886,-0.009170630883778008,0,0.2121333333333333,0.18371285565613893,2,0,3,24,0.24785416666666668
2020-05-22 00:00:00+00:00,0.002532999962568283,0.019315854576513303,0,0.16123846153846152,0.3118868398913874,5,1,13,20,0.54045
2020-05-23 00:00:00+00:00,0.00254400004632771,0.004342709799440181,0,0.3236833333333333,0.30488581717612173,7,0,12,14,0.4715285714285714
2020-05-24 00:00:00+00:00,0.0024580000899732113,-0.03380501367468158,0,0.2694,0.31494846290419376,4,0,8,19,0.42604210526315783
2020-05-25 00:00:00+00:00,0.0025400000158697367,0.03336042428599706,0,0.15735,0.4741150967855801,1,1,2,16,0.55201875
2020-05-26 00:00:00+00:00,0.002486000070348382,-0.021259820938569707,0,0.4268571428571429,0.24551006671243208,6,0,7,24,0.3602416666666666
2020-05-27 00:00:00+00:00,0.0025100000202655792,0.009654042332281065,0,0.24126666666666666,0.28505131935612343,3,0,6,26,0.3191423076923077
2020-05-28 00:00:00+00:00,0.0025239998940378428,0.005577638908059512,0,0.0,0.0,0,0,0,16,0.49395
2020-05-29 00:00:00+00:00,0.0025319999549537897,0.0031695963755167256,0,0.2653666666666667,0.31120993450295464,2,0,3,34,0.36063235294117646
2020-05-30 00:00:00+00:00,0.0026149998884648085,0.032780385066212725,0,0.05387499999999999,0.27814026886926435,2,1,4,13,0.5138615384615385
2020-05-31 00:00:00+00:00,0.0025549998972564936,-0.022944548285827704,0,0.10602222222222223,0.22488353528981272,2,0,9,20,0.45919499999999996
2020-06-01 00:00:00+00:00,0.0026469998992979527,0.03600783003562813,0,-0.005699999999999997,0.23246811967808978,1,1,4,17,0.514270588235294
2020-06-02 00:00:00+00:00,0.002560999942943454,-0.03248959562760401,0,0.0,0.0,0,0,1,15,0.26716666666666666
2020-06-03 00:00:00+00:00,0.002583000110462308,0.008590459980084342,0,0.0,0.0,0,0,0,15,0.4832666666666666
2020-06-04 00:00:00+00:00,0.0026310000102967024,0.018583003399796016,0,0.35508333333333336,0.5923382088525665,4,2,6,21,0.4457238095238096
2020-06-05 00:00:00+00:00,0.002595999976620078,-0.013302939391732327,0,0.13396666666666665,0.2320370731873106,1,0,3,20,0.20602499999999999
2020-06-06 00:00:00+00:00,0.0025869999080896378,-0.003466898540637975,0,0.07426666666666666,0.4159010685101432,3,2,12,22,0.24132272727272727
2020-06-07 00:00:00+00:00,0.002606000052765012,0.007344470564517591,0,0.22513333333333332,0.38599249246899126,5,2,12,21,0.39104761904761903
2020-06-08 00:00:00+00:00,0.0025839998852461576,-0.008442120903071948,0,0.2777545454545454,0.4019986675690265,7,1,11,25,0.44284399999999996
2020-06-09 00:00:00+00:00,0.0025690000038594007,-0.005804907915206048,0,0.20096666666666665,0.5595074828215734,1,1,3,16,0.39155
2020-06-10 00:00:00+00:00,0.0025839998852461576,0.00583880162095074,0,0.25908888888888887,0.45326405220979205,14,2,27,32,0.390325
2020-06-11 00:00:00+00:00,0.002452000044286251,-0.05108353205183369,0,0.17524666666666666,0.36942418102204616,8,2,15,36,0.34456666666666663
2020-06-12 00:00:00+00:00,0.002520000096410513,0.027732484052240602,0,0.0,0.0,0,0,0,16,0.2947875
2020-06-13 00:00:00+00:00,0.002532999962568283,0.0051586768493727675,0,0.0,0.0,0,0,0,21,0.5196333333333334
2020-06-14 00:00:00+00:00,0.0025110000278800726,-0.00868532767995156,0,0.318,0.44971991283464424,1,0,2,14,0.3956857142857143
2020-06-15 00:00:00+00:00,0.0024790000170469284,-0.012743930895198097,0,0.047075,0.4046687896517124,4,3,12,20,0.22100499999999998
2020-06-16 00:00:00+00:00,0.0024870000779628754,0.0032271322553183435,0,0.177075,0.29387337565872246,9,2,20,25,0.547924
2020-06-17 00:00:00+00:00,0.0024850000627338886,-0.0008041878433011629,0,-0.5559,0.0,0,1,1,18,0.3294944444444445
2020-06-18 00:00:00+00:00,0.002471999963745475,-0.005231428032284047,0,0.17063333333333333,0.3044155690280421,2,0,6,18,0.2528444444444444
2020-06-19 00:00:00+00:00,0.0024349999148398638,-0.014967657543793034,0,0.15981666666666663,0.301339273355908,2,1,6,20,0.36163500000000004
2020-06-20 00:00:00+00:00,0.0024470000062137842,0.004928169114416514,0,0.11796666666666668,0.4827266540186071,3,2,9,22,0.4531227272727273
2020-06-21 00:00:00+00:00,0.0024470000062137842,0.0,0,0.30373142857142854,0.3649712009359164,22,3,35,12,0.395025
2020-06-22 00:00:00+00:00,0.0024739999789744616,0.011033907924852926,0,0.11482857142857142,0.19610711965900773,2,0,7,28,0.3712464285714286
2020-06-23 00:00:00+00:00,0.0024840000551193953,0.004042067999159293,0,0.13343333333333332,0.45090859753760887,1,1,3,22,0.3698409090909091
2020-06-24 00:00:00+00:00,0.0024300001095980406,-0.021739108020574993,0,0.2607285714285714,0.2747593839118494,4,0,7,22,0.26277727272727275
2020-06-25 00:00:00+00:00,0.0024170000106096268,-0.005349834733367254,0,0.2166,0.4164584218656853,4,2,8,18,0.32740555555555556
2020-06-26 00:00:00+00:00,0.0023590000346302986,-0.023996680068155696,0,0.2629111111111111,0.3313541323806777,9,1,18,12,0.6214000000000001
2020-06-27 00:00:00+00:00,0.0023129999171942472,-0.01949983754165585,0,0.27168000000000003,0.18085543121510067,4,0,5,10,0.6072200000000001
2020-06-28 00:00:00+00:00,0.002326000016182661,0.005620449396376737,0,0.208425,0.40403528208148687,2,1,4,10,0.61141
2020-06-29 00:00:00+00:00,0.0023129999171942472,-0.0055890364995564434,0,0.425325,0.3778660377700012,3,0,4,22,0.4787227272727273
2020-06-30 00:00:00+00:00,0.002319999970495701,0.0030263958288181403,0,0.11468750000000001,0.48115161090717695,4,1,8,18,0.40983888888888886
2020-07-01 00:00:00+00:00,0.0023539999965578318,0.014655183833845564,0,0.3031875,0.4383928236562881,10,2,16,21,0.28855714285714285
2020-07-02 00:00:00+00:00,0.0023610000498592854,0.002973684499443241,0,0.34004864864864864,0.40707061878583023,24,4,37,17,0.2985529411764706
2020-07-03 00:00:00+00:00,0.0023159999400377274,-0.01905976656978048,0,0.2310375,0.48114837792108056,15,4,24,24,0.43073333333333336
2020-07-04 00:00:00+00:00,0.0023089998867362738,-0.003022475597015628,0,0.2848722222222222,0.47028622324896757,26,6,36,18,0.43125555555555556
2020-07-05 00:00:00+00:00,0.0023089998867362738,0.0,0,0.3079964285714286,0.37292541452894745,18,3,28,17,0.4294235294117647
2020-07-06 00:00:00+00:00,0.002615999896079302,0.13295800104042743,0,0.29368571428571427,0.46015895235078436,4,1,7,35,0.36690285714285714
2020-07-07 00:00:00+00:00,0.0030900000128895044,0.18119271240056412,0,0.6327666666666666,0.4608148905290858,3,0,3,106,0.5187028301886792
2020-07-08 00:00:00+00:00,0.004749999847263098,0.5372167726372605,0,0.14955000000000002,0.7201882566384987,1,1,2,764,0.35994842931937177
2020-07-09 00:00:00+00:00,0.004397000186145306,-0.0743157205196937,0,0.04173749999999999,0.49668985418468137,4,2,8,491,0.38127270875763747
2020-07-10 00:00:00+00:00,0.0035149999894201756,-0.2005913485071622,0,0.25727272727272726,0.38927083383927197,13,2,22,284,0.3772669014084507
2020-07-11 00:00:00+00:00,0.0038109999150037766,0.08421050539816033,0,0.1147,0.22939999999999997,1,0,4,135,0.41705629629629626
2020-07-12 00:00:00+00:00,0.0036299999337643385,-0.047494092174299785,0,0.3396333333333333,0.7529238496244711,2,1,3,114,0.5719701754385965
2020-07-13 00:00:00+00:00,0.00317799998447299,-0.12451789463880814,0,0.18041333333333334,0.44628628362563527,8,4,15,68,0.33733676470588236
2020-07-14 00:00:00+00:00,0.0032939999364316463,0.036500929051417996,0,0.2677333333333333,0.28023247924579053,7,0,12,62,0.5424822580645161
2020-07-15 00:00:00+00:00,0.0030849999748170376,-0.06344868416755833,0,0.07460625,0.4616205692539419,7,3,16,63,0.3705
2020-07-16 00:00:00+00:00,0.0029949999880045652,-0.029173415736513886,0,0.0,0.0,0,0,0,40,0.36102
2020-07-17 00:00:00+00:00,0.0030610000248998404,0.022036740287016743,0,0.28325,0.8191832060046154,1,1,2,31,0.3765903225806452
2020-07-18 00:00:00+00:00,0.0034729999024420977,0.13459649597870826,0,0.20362,0.3876044379076616,10,2,15,100,0.430527
2020-07-19 00:00:00+00:00,0.003381999908015132,-0.026202129854071554,0,0.2777666666666667,0.28723148688614125,11,0,18,85,0.3801717647058823
2020-07-20 00:00:00+00:00,0.0032389999832957983,-0.04228265186537483,0,0.1421375,0.25896695286961124,2,0,8,44,0.44254090909090904
2020-07-21 00:00:00+00:00,0.0033050000201910734,0.020376670958830223,0,0.22303571428571428,0.2565785847744023,7,0,14,24,0.36590833333333334
2020-07-22 00:00:00+00:00,0.0032850001007318497,-0.00605141280999677,0,0.108725,0.330363952211879,6,2,20,38,0.3442842105263158
2020-07-23 00:00:00+00:00,0.0032949999440461397,0.0030440922397725334,0,0.2726454545454545,0.3420917519135367,6,1,11,25,0.45215200000000005
2020-07-24 00:00:00+00:00,0.003220000071451068,-0.022761721963179937,0,0.28402499999999997,0.4358343637973796,10,5,16,25,0.35483600000000004
2020-07-25 00:00:00+00:00,0.0032339999452233315,0.004347786789319796,0,-0.01805714285714285,0.4386408510278953,2,3,7,29,0.438151724137931
2020-07-26 00:00:00+00:00,0.003234999952837825,0.0003092169546787815,0,0.3332888888888889,0.3745896576708798,12,3,18,30,0.47781333333333337
2020-07-27 00:00:00+00:00,0.0031530000269412994,-0.025347736349916494,0,0.2794807692307692,0.4107570854110548,15,3,26,20,0.30427
2020-07-28 00:00:00+00:00,0.0031969998963177204,0.013954921979212553,0,0.0808,0.36076797599010924,4,2,9,34,0.5367088235294117
2020-07-29 00:00:00+00:00,0.003192000091075897,-0.0015639053500070554,0,0.2780222222222222,0.3032774916548283,5,0,9,23,0.4185434782608696
2020-07-30 00:00:00+00:00,0.0032309999223798513,0.0122179919145331,0,0.2146032258064516,0.4082119910731604,18,6,31,24,0.38782916666666667
2020-07-31 00:00:00+00:00,0.0032250001095235348,-0.0018569523368782148,0,0.24433333333333332,0.3399937095006318,5,1,9,21,0.3756904761904762
2020-08-01 00:00:00+00:00,0.00368899991735816,0.14387590451994647,0,0.06500000000000002,0.45538263032311627,1,1,4,36,0.3700333333333334
2020-08-02 00:00:00+00:00,0.0033360000234097242,-0.09568986225438392,0,0.09512142857142858,0.3043244604000839,5,2,14,19,0.4242105263157895
2020-08-03 00:00:00+00:00,0.0033889999613165855,0.015887271443328688,0,0.203025,0.2451610678037332,2,0,4,20,0.24050500000000002
2020-08-04 00:00:00+00:00,0.0035349999088793993,0.043080539754888125,0,0.14049999999999999,0.21766166405685683,2,0,6,26,0.4017576923076923
2020-08-05 00:00:00+00:00,0.003512999974191189,-0.006223461175472678,0,0.17541666666666667,0.27971314174823225,2,0,6,36,0.2698277777777778
2020-08-06 00:00:00+00:00,0.0035600000992417336,0.013378914146267684,0,0.0,0.0,0,0,1,27,0.4799925925925926
2020-08-07 00:00:00+00:00,0.0035329998936504126,-0.007584327201864971,0,0.13361,0.43172839314138745,5,2,10,24,0.3894666666666667
2020-08-08 00:00:00+00:00,0.0035099999513477087,-0.006510031982746467,0,0.2777636363636363,0.38953229204451656,6,2,11,21,0.4491714285714286
2020-08-09 00:00:00+00:00,0.0034630000591278076,-0.013390282869335857,0,0.0,0.0,0,0,3,17,0.4749117647058823
2020-08-10 00:00:00+00:00,0.0034990001004189253,0.010395622488145406,0,0.0,0.0,0,0,0,26,0.36851923076923077
2020-08-11 00:00:00+00:00,0.0033939999993890524,-0.030008601890952114,0,0.12377500000000001,0.4318913280973748,2,2,8,36,0.33876944444444446
2020-08-12 00:00:00+00:00,0.0034839999862015247,0.026517379737381663,0,-0.2057,0.0,0,1,1,24,0.3451125
2020-08-13 00:00:00+00:00,0.0035170000046491623,0.009471876744642671,0,0.07435714285714287,0.3898591106931788,4,2,7,20,0.32952
2020-08-14 00:00:00+00:00,0.003561000106856227,0.012510691540773555,0,0.347284,0.3781119925366028,16,2,25,28,0.3514535714285714
2020-08-15 00:00:00+00:00,0.0035389999393373728,-0.006178086733694799,0,0.18220769230769232,0.43582857000877934,7,2,13,15,0.17611333333333334
2020-08-16 00:00:00+00:00,0.003524000057950616,-0.004238452004485027,0,0.31859375,0.3421000642477773,9,1,16,21,0.30889047619047616
2020-08-17 00:00:00+00:00,0.0035910001024603844,0.01901249812939354,0,0.1471388888888889,0.38280471774535985,7,2,18,21,0.39016666666666666
2020-08-18 00:00:00+00:00,0.003513999981805682,-0.021442528114088644,0,0.16038125,0.33933101286452827,8,2,16,19,0.38053157894736844
2020-08-19 00:00:00+00:00,0.00342399999499321,-0.02561183474059825,0,0.22015652173913045,0.35684734554668524,11,3,23,21,0.265152380952381
2020-08-20 00:00:00+00:00,0.003459000028669834,0.010221972467232332,0,0.18610000000000002,0.3050252635906925,7,2,15,19,0.3017263157894737
2020-08-21 00:00:00+00:00,0.003392999991774559,-0.01908066965835087,0,0.1097,0.19000597359030583,1,0,3,20,0.323635
2020-08-22 00:00:00+00:00,0.003441999899223447,0.01444146995805351,0,0.0,0.0,0,0,0,16,0.35078125
2020-08-23 00:00:00+00:00,0.003413999918848276,-0.00813479988232646,0,0.0,0.0,0,0,0,25,0.319992
2020-08-24 00:00:00+00:00,0.0034179999493062496,0.0011716551122014085,0,0.0045375,0.3628654175448523,2,2,8,28,0.4171571428571429
2020-08-25 00:00:00+00:00,0.0033050000201910734,-0.03306024891489878,0,0.17800000000000002,0.36234807575037575,3,0,6,24,0.23498333333333335
2020-08-26 00:00:00+00:00,0.0033030000049620867,-0.0006051483257997203,0,0.23444166666666666,0.37085405720097525,5,1,12,40,0.3228575
2020-08-27 00:00:00+00:00,0.0032029999420046806,-0.030275526129935337,0,-0.030545454545454556,0.3998068342678408,2,4,11,19,0.26923157894736843
2020-08-28 00:00:00+00:00,0.0032679999712854624,0.02029348437643108,0,0.15511333333333333,0.4451794082432492,6,3,15,21,0.2924857142857143
2020-08-29 00:00:00+00:00,0.0032820000778883696,0.004283998386144461,0,0.16492,0.3156916737718765,4,2,10,23,0.2794086956521739
2020-08-30 00:00:00+00:00,0.0032999999821186066,0.005484431384236377,0,0.18439999999999998,0.4675903645286117,12,5,21,18,0.49441666666666667
2020-08-31 00:00:00+00:00,0.0032210000790655613,-0.0239393646912468,0,0.18203999999999998,0.16642598354824284,3,0,5,29,0.37353448275862067
2020-09-01 00:00:00+00:00,0.0032560001127421856,0.010866200812630344,0,-0.059887499999999996,0.2118029234757092,1,3,8,24,0.382425
2020-09-02 00:00:00+00:00,0.0031220000237226486,-0.04115481706991797,0,0.3715,0.5253803384216048,1,0,2,23,0.2763826086956522
2020-09-03 00:00:00+00:00,0.0028019999153912067,-0.10249843238305811,0,0.421625,0.49269280743684496,2,0,4,26,0.4145846153846154
2020-09-04 00:00:00+00:00,0.0028989999555051327,0.03461814526870999,0,0.08335999999999999,0.36548728158446225,2,1,5,23,0.35646086956521744
2020-09-05 00:00:00+00:00,0.0027580000460147858,-0.04863743071902826,0,0.07689999999999998,0.41670616746095795,1,1,3,25,0.479264
2020-09-06 00:00:00+00:00,0.00278700003400445,0.010514861314657287,0,0.0,0.0,0,0,0,14,0.44271428571428567
2020-09-07 00:00:00+00:00,0.002810999983921647,0.00861139204319028,0,0.0407,0.31170898821390014,1,1,4,20,0.394075
2020-09-08 00:00:00+00:00,0.002756000030785799,-0.019565974190834834,0,0.0,0.0,0,0,1,18,0.5123444444444445
2020-09-09 00:00:00+00:00,0.002778999973088503,0.00834540712836862,0,0.1154,0.35842589989324947,2,2,8,17,0.30504705882352945
2020-09-10 00:00:00+00:00,0.002804999938234687,0.009355870960044754,0,0.3100727272727273,0.3269018632278167,6,0,11,31,0.21234193548387098
2020-09-11 00:00:00+00:00,0.0028059999458491802,0.00035650896132377596,0,0.6213000000000001,0.14032091789893625,3,0,3,11,0.4019
2020-09-12 00:00:00+00:00,0.002819000044837594,0.0046329648037393145,0,0.16495384615384617,0.395310571187146,7,3,13,18,0.30572222222222223
2020-09-13 00:00:00+00:00,0.0027759999502450228,-0.01525366935389616,0,0.229775,0.35207669974026967,2,0,4,13,0.27197692307692306
2020-09-14 00:00:00+00:00,0.0028029999230057,0.009726215145751116,0,0.22213333333333332,0.3978278254052457,4,1,6,19,0.3290368421052631
2020-09-15 00:00:00+00:00,0.002831999910995364,0.010346053794595411,0,0.3727571428571429,0.234124065448168,11,0,14,19,0.3667315789473684
2020-09-16 00:00:00+00:00,0.0028260000981390476,-0.002118578052570541,0,0.15130909090909092,0.41817927125706617,5,2,11,15,0.3125733333333333
2020-09-17 00:00:00+00:00,0.002814000006765127,-0.004246316686904117,0,0.07696,0.471545679653626,1,1,5,25,0.35749600000000004
2020-09-18 00:00:00+00:00,0.0028039999306201935,-0.0035536873208573683,0,0.43835,0.1992431429183951,4,0,4,22,0.3712454545454546
2020-09-19 00:00:00+00:00,0.0027940000873059034,-0.003566278017731017,0,0.30473333333333336,0.2565732851772894,5,0,6,11,0.3507
2020-09-20 00:00:00+00:00,0.0027779999654740095,-0.005726600333546106,0,0.34484666666666663,0.22798245504758433,13,0,15,17,0.3913705882352941
2020-09-21 00:00:00+00:00,0.002630000002682209,-0.05327572520921442,0,0.5169,0.20687803860521992,8,0,8,31,0.22934193548387097
2020-09-22 00:00:00+00:00,0.002655999967828393,0.00988591829645169,0,0.15522,0.43512521416254424,3,1,5,17,0.3997470588235294
2020-09-23 00:00:00+00:00,0.0025599999353289604,-0.0361445909872975,0,0.24023333333333333,0.32363262936218096,8,1,12,20,0.441385
2020-09-24 00:00:00+00:00,0.0026279999874532223,0.026562521032065467,0,0.175075,0.4578012478139395,2,1,4,20,0.48360000000000003
2020-09-25 00:00:00+00:00,0.002698000054806471,0.026636251022620794,0,0.1527,0.29621163691886554,6,1,14,25,0.33142000000000005
2020-09-26 00:00:00+00:00,0.002715999959036708,0.006671572966861161,0,0.24931428571428574,0.2980167130713331,17,1,28,18,0.13500555555555557
2020-09-27 00:00:00+00:00,0.0026920000091195107,-0.008836505993803256,0,0.0,0.0,0,0,0,17,0.32750588235294115
2020-09-28 00:00:00+00:00,0.0026519999373704195,-0.014858867612773219,0,0.25894545454545453,0.3767956113429039,7,2,11,15,0.22476
2020-09-29 00:00:00+00:00,0.002684999955818057,0.01244344616401416,0,0.0593,0.10271061288883443,1,0,3,10,0.25031
2020-09-30 00:00:00+00:00,0.002630000002682209,-0.02048415420516858,0,0.3760666666666666,0.3638384852284504,2,0,3,13,0.28015384615384614
2020-10-01 00:00:00+00:00,0.002615999896079302,-0.005323234444345681,0,0.5570888888888889,0.11081896774068557,9,0,9,12,0.39253333333333335
2020-10-02 00:00:00+00:00,0.002583000110462308,-0.012614597449507547,0,0.2997611111111111,0.39162245795557166,15,2,18,16,0.46944375
2020-10-03 00:00:00+00:00,0.002598999999463558,0.0061943044200591935,0,0.05204000000000001,0.30961009027484876,1,1,5,6,0.2886
2020-10-04 00:00:00+00:00,0.002635000040754676,0.013851497229145027,0,0.12306666666666666,0.29758390861514444,2,1,6,4,0.78485
2020-10-05 00:00:00+00:00,0.002612000098451972,-0.008728630719913255,0,0.3312181818181818,0.31940632372632144,7,0,11,13,0.10917692307692307
2020-10-06 00:00:00+00:00,0.0026110000908374786,-0.0003828512928027994,0,0.31231,0.49987984211763886,6,1,10,8,0.05933749999999999
2020-10-07 00:00:00+00:00,0.0025949999690055847,-0.006127966784850614,0,0.08650000000000001,0.479713130249041,13,10,31,14,0.4904428571428571
2020-10-08 00:00:00+00:00,0.002595999976620078,0.00038535939361739047,0,0.2921076923076923,0.41670977202672377,7,2,13,10,0.50322
2020-10-09 00:00:00+00:00,0.002652999944984913,0.021956844714246637,0,0.19911250000000003,0.4675790488936451,4,1,8,13,0.32543076923076925
2020-10-10 00:00:00+00:00,0.0026549999602138996,0.0007538693066193591,0,0.158475,0.3851268241946875,3,1,8,19,0.38004736842105263
2020-10-11 00:00:00+00:00,0.0026740001048892736,0.0071563634501310425,0,0.1543,0.5273624218694388,3,1,6,15,0.2862
2020-10-12 00:00:00+00:00,0.0026730000972747803,-0.0003739744110947685,0,0.34602,0.3447168687182967,13,1,20,19,0.2651631578947368
2020-10-13 00:00:00+00:00,0.002635000040754676,-0.01421625706592633,0,0.24870909090909094,0.3191852047152106,6,1,11,7,0.6197571428571429
2020-10-14 00:00:00+00:00,0.0026370000559836626,0.0007590190504944694,0,0.20176842105263157,0.331211822206863,10,2,19,7,0.43388571428571426
2020-10-15 00:00:00+00:00,0.002592999953776598,-0.016685666011733047,0,0.0,0.0,0,0,2,9,0.2790555555555556
2020-10-16 00:00:00+00:00,0.002612000098451972,0.007327475902072944,0,0.39155555555555555,0.20237183049470542,8,0,9,11,0.2822545454545455
2020-10-17 00:00:00+00:00,0.002581000095233321,-0.011868300938052467,0,0.39276,0.2492379445429608,4,0,5,15,0.3642533333333333
2020-10-18 00:00:00+00:00,0.0025859999004751444,0.0019371581004810068,0,0.4019,0.0,1,0,1,15,0.3846266666666667
2020-10-19 00:00:00+00:00,0.002589999930933118,0.0015468022474549592,0,-0.11315,0.1600182645825157,0,1,2,15,0.2691266666666667
2020-10-20 00:00:00+00:00,0.002601000014692545,0.004247136699908616,0,-0.020449999999999996,0.20994000333428597,1,1,2,15,0.31527999999999995
2020-10-21 00:00:00+00:00,0.002630000002682209,0.011149553181794891,0,0.08716666666666667,0.27255750769333065,2,1,9,14,0.40327857142857143
2020-10-22 00:00:00+00:00,0.0026549999602138996,0.009505687264712792,0,0.17742727272727274,0.3128792741327207,7,3,11,12,0.40571666666666667
2020-10-23 00:00:00+00:00,0.0026469998992979527,-0.003013205663213059,0,0.30867142857142854,0.323243173242095,4,0,7,9,0.4223444444444444
2020-10-24 00:00:00+00:00,0.0026459998916834593,-0.0003777890640489501,0,0.23854999999999998,0.3044792439559715,2,0,4,12,0.4457
2020-10-25 00:00:00+00:00,0.002652999944984913,0.0026455228979620493,0,0.2825,0.5269761980709692,2,1,4,6,0.3065
2020-10-26 00:00:00+00:00,0.002678999910131097,0.009800213224780752,0,0.148,0.20930360723121805,1,0,2,11,0.49912727272727275
2020-10-27 00:00:00+00:00,0.00267699989490211,-0.0007465529287340456,0,0.14084285714285713,0.40087441864480394,3,2,7,20,0.39734
2020-10-28 00:00:00+00:00,0.0025949999690055847,-0.030631277219203557,0,0.2531909090909091,0.5672632342300098,6,3,11,13,0.6710153846153847
2020-10-29 00:00:00+00:00,0.002581000095233321,-0.00539494178785227,0,0.11695454545454545,0.22495406359359843,5,1,11,21,0.44638095238095243
2020-10-30 00:00:00+00:00,0.002597999991849065,0.006586554044356596,0,0.20693999999999999,0.2761712113888774,3,0,5,10,0.32794
2020-10-31 00:00:00+00:00,0.0025760000571608543,-0.008468027235270514,0,0.324635294117647,0.4589050241351369,11,2,17,18,0.2551944444444445
2020-11-01 00:00:00+00:00,0.0025820001028478146,0.002329210230520351,0,0.11557777777777775,0.45569510305076183,4,3,9,9,0.4097555555555556
2020-11-02 00:00:00+00:00,0.002517000073567033,-0.025174293838753137,0,0.08208888888888889,0.36071695082309496,3,3,9,19,0.35417894736842104
2020-11-03 00:00:00+00:00,0.0025279999244958162,0.004370222728358852,0,0.12494000000000001,0.6322156193367365,7,3,10,16,0.3556375
2020-11-04 00:00:00+00:00,0.002532999962568283,0.001977863220650189,0,-0.2244,0.0,0,1,1,15,0.29574
2020-11-05 00:00:00+00:00,0.002616999903693795,0.0331622354389387,0,-0.10129999999999999,0.4535382894530515,1,2,4,17,0.4318764705882353
2020-11-06 00:00:00+00:00,0.0027600000612437725,0.05464278288590618,0,0.3953,0.1762187844697608,9,0,9,24,0.34990000000000004
2020-11-07 00:00:00+00:00,0.0026710000820457935,-0.032246368559090466,0,0.0,0.0,0,0,1,30,0.4370866666666667
2020-11-08 00:00:00+00:00,0.002710999920964241,0.014975603777522384,0,0.18921000000000002,0.2519149479487075,5,0,10,14,0.23217142857142856
2020-11-09 00:00:00+00:00,0.0026700000744313,-0.015123514470025579,0,0.06462666666666667,0.30301614871315424,5,3,15,17,0.49805294117647064
2020-11-10 00:00:00+00:00,0.002753000007942319,0.03108611655327298,0,0.633425,0.42427728649237556,3,0,4,16,0.3680375
2020-11-11 00:00:00+00:00,0.002768999896943569,0.005811801291351726,0,0.4019,0.0,1,0,1,20,0.300575
2020-11-12 00:00:00+00:00,0.002778999973088503,0.0036114396955997385,0,0.5175333333333333,0.4489332392832295,2,0,3,18,0.33871666666666667
2020-11-13 00:00:00+00:00,0.0028210000600665808,0.015113381570637463,0,0.20025357142857142,0.38563092265181614,12,4,28,18,0.43078333333333335
2020-11-14 00:00:00+00:00,0.0027729999274015427,-0.017015289487056995,0,0.16979444444444447,0.3542640930356604,6,1,18,6,0.5569333333333333
2020-11-15 00:00:00+00:00,0.0027749999426305294,0.0007212460444818714,0,0.20167142857142856,0.4326225258699665,9,4,14,6,0.6764
2020-11-16 00:00:00+00:00,0.0028860000893473625,0.04000005369787929,0,0.1986,0.27647667171029094,5,1,11,21,0.3641285714285714
2020-11-17 00:00:00+00:00,0.0029360000044107437,0.017324987358086963,0,0.1773111111111111,0.4066815559485308,14,4,27,22,0.5756863636363636
2020-11-18 00:00:00+00:00,0.0029090000316500664,-0.009196175994589662,0,0.118065,0.29200730033231775,8,3,20,20,0.40056
2020-11-19 00:00:00+00:00,0.002911000046879053,0.0006875267126937867,0,0.31683636363636364,0.3484086028579871,8,1,11,30,0.38286
2020-11-20 00:00:00+00:00,0.002983999904245138,0.025077243624351597,0,0.22011333333333333,0.3204341204113718,7,1,15,21,0.4984047619047619
2020-11-21 00:00:00+00:00,0.0035069999285042286,0.17526811026872124,0,0.16474444444444444,0.30668788353715043,10,3,18,61,0.42976721311475413
2020-11-22 00:00:00+00:00,0.0033289999701082706,-0.05075562076554607,0,0.6369,0.0,1,0,1,49,0.42080816326530607
2020-11-23 00:00:00+00:00,0.003648000070825219,0.09582460305836937,0,0.37566666666666665,0.3261071040828969,2,0,3,49,0.4438367346938776
2020-11-24 00:00:00+00:00,0.0042039998807013035,0.1524122256253988,0,0.2663625,0.3506853287798458,5,1,8,86,0.4822674418604651
2020-11-25 00:00:00+00:00,0.0037269999738782644,-0.11346334927665769,0,0.2672181818181818,0.3972839559261909,6,1,11,49,0.4702714285714286
2020-11-26 00:00:00+00:00,0.0032500000670552254,-0.12798495040682267,0,0.2902571428571429,0.29923804268587945,4,0,7,30,0.4080133333333334
2020-11-27 00:00:00+00:00,0.003275000024586916,0.007692294466425276,0,0.0,0.0,0,0,0,14,0.25005
2020-11-28 00:00:00+00:00,0.0034050000831484795,0.03969467407193705,0,0.3051285714285714,0.24755088173468306,5,0,7,24,0.39724166666666666
2020-11-29 00:00:00+00:00,0.003447999944910407,0.012628446611421928,0,-0.14643333333333333,0.534706558154408,1,2,3,20,0.41330999999999996
2020-11-30 00:00:00+00:00,0.0035510000307112932,0.02987241515271033,0,0.48279999999999995,0.44540333406924565,2,0,3,40,0.570275
2020-12-01 00:00:00+00:00,0.003335000015795231,-0.06082793946718046,0,-0.6808,0.0,0,1,1,23,0.5723782608695652
2020-12-02 00:00:00+00:00,0.0033740000799298286,0.011694172098916322,0,0.3693,0.3643838360849724,3,0,5,16,0.50495
2020-12-03 00:00:00+00:00,0.0034280000254511833,0.016004725620065052,0,0.266975,0.31953091008539375,2,0,4,45,0.2608177777777778
2020-12-04 00:00:00+00:00,0.00329799996688962,-0.03792300396627135,0,0.0,0.0,0,0,0,26,0.3726884615384615
2020-12-05 00:00:00+00:00,0.0033970000222325325,0.03001820992626647,0,0.51895,0.16553369747577076,2,0,2,31,0.4563258064516129
2020-12-06 00:00:00+00:00,0.003387999953702092,-0.002649416682819261,0,0.318,0.44971991283464424,1,0,2,25,0.511712
2020-12-07 00:00:00+00:00,0.0033420000690966845,-0.01357729788489026,0,0.17678571428571427,0.3268482442386753,2,0,7,20,0.554555
2020-12-08 00:00:00+00:00,0.0031789999920874834,-0.04877321174121296,0,0.19074999999999998,0.22287440185001056,3,0,6,31,0.4410612903225807
2020-12-09 00:00:00+00:00,0.0031580000650137663,-0.006605827972943068,0,0.18495999999999999,0.5043163223612736,2,1,5,23,0.4558130434782609
2020-12-10 00:00:00+00:00,0.0031049998942762613,-0.016782827627102592,0,0.550275,0.38495169718636996,3,0,4,15,0.44148000000000004
2020-12-11 00:00:00+00:00,0.0030789999291300774,-0.008373580042341455,0,0.33755,0.09100464273870863,2,0,2,15,0.6849799999999999
2020-12-12 00:00:00+00:00,0.003163000103086233,0.02728164205573358,0,0.2802,0.24569550260434153,2,0,3,19,0.5922473684210526
2020-12-13 00:00:00+00:00,0.0032560001127421856,0.02940246810779734,0,0.0,0.0,0,0,1,13,0.3674307692307692
2020-12-14 00:00:00+00:00,0.0032309999223798513,-0.007678190877358215,0,0.17511,0.30374766373129886,3,0,10,20,0.12078
2020-12-15 00:00:00+00:00,0.0032059999648481607,-0.0077375295983530545,0,0.4015000000000001,0.31133668270860726,4,0,5,21,0.3340619047619048
2020-12-16 00:00:00+00:00,0.003415999934077263,0.0655021745263955,0,0.34481249999999997,0.463909318224709,6,1,8,22,0.5616136363636364
2020-12-17 00:00:00+00:00,0.0037299999967217445,0.09192039481970893,0,0.31893000000000005,0.37178751712354313,6,1,10,51,0.4267450980392157
2020-12-18 00:00:00+00:00,0.0038580000400543213,0.034316365534872606,0,0.0,0.0,0,0,0,20,0.529495
2020-12-19 00:00:00+00:00,0.003926999866962433,0.017884869412064575,0,0.0,0.0,0,0,0,34,0.5167470588235294
2020-12-20 00:00:00+00:00,0.004625000059604645,0.1777438798800166,3,0.31568823529411766,0.3320018860683493,9,0,17,69,0.3911289855072464
2020-12-21 00:00:00+00:00,0.004786999896168709,0.035026991238117366,0,0.34418,0.3720688000894458,3,0,5,100,0.48279299999999997
2020-12-22 00:00:00+00:00,0.0045079998672008514,-0.058282856699277574,0,-0.013933333333333317,0.3611016662012699,1,1,3,42,0.38785714285714284
2020-12-23 00:00:00+00:00,0.003768000053241849,-0.16415258113538722,0,-0.01815,0.6484876290261827,1,1,2,56,0.4248660714285714
2020-12-24 00:00:00+00:00,0.004569999873638153,0.21284495994268715,0,0.19824999999999998,0.32147799746972244,3,0,8,37,0.5549702702702702
2020-12-25 00:00:00+00:00,0.0045819999650120735,0.002625840635826382,0,0.22349166666666667,0.47728460436159686,7,3,12,38,0.5077078947368421
2020-12-26 00:00:00+00:00,0.004494000226259232,-0.019205530210563815,0,0.2327,0.24121509073853567,5,0,8,46,0.4568260869565217
2020-12-27 00:00:00+00:00,0.004548000171780586,0.012016008634317288,0,0.3130769230769231,0.37843740819728294,9,1,13,47,0.4313404255319149
2020-12-28 00:00:00+00:00,0.004592000041157007,0.009674553147432041,0,0.021333333333333333,0.05225578117937447,1,0,6,46,0.48622391304347823
2020-12-29 00:00:00+00:00,0.004486000165343285,-0.02308359644243707,0,0.17529333333333333,0.27582914604791825,6,1,15,47,0.5550382978723404
2020-12-30 00:00:00+00:00,0.004635999910533428,0.03343730264411726,0,0.20745625,0.2702809895121495,9,1,16,37,0.3521810810810811
2020-12-31 00:00:00+00:00,0.004681999795138836,0.009922322151234564,0,0.3118666666666667,0.4241496748397512,4,1,6,38,0.41168157894736845
2021-01-01 00:00:00+00:00,0.005685000214725733,0.21422478929372835,0,0.9052,0.0,1,0,1,102,0.530264705882353
2021-01-02 00:00:00+00:00,0.010614999569952488,0.8671942249811504,0,0.31788,0.5068340477907932,3,1,5,1060,0.40110858490566037
2021-01-03 00:00:00+00:00,0.009770999662578106,-0.07951012167381177,0,0.4019,0.0,1,0,1,711,0.440970323488045
2021-01-04 00:00:00+00:00,0.009766999632120132,-0.00040937781149386065,0,-0.07655,0.10825804819966044,0,1,2,466,0.4230158798283262
2021-01-05 00:00:00+00:00,0.009920000098645687,0.015665042724317457,0,0.4728,0.0,1,0,1,297,0.48531649831649837
2021-01-06 00:00:00+00:00,0.010464999824762344,0.05493948797349946,0,0.0,0.0,0,0,0,289,0.5142854671280277
2021-01-07 00:00:00+00:00,0.00974200014024973,-0.06908740531479507,0,0.1573421052631579,0.23403432159452708,9,2,19,263,0.4815338403041825
2021-01-08 00:00:00+00:00,0.009846000000834465,0.010675411526125167,0,0.19765,0.3953,1,0,4,228,0.4520276315789474
2021-01-09 00:00:00+00:00,0.010193999856710434,0.035344287613901626,0,0.3073,0.43674531607232053,11,2,19,179,0.5052776536312849
2021-01-10 00:00:00+00:00,0.009859999641776085,-0.03276439274368692,0,0.1947,0.7861613193232037,1,1,2,215,0.5078944186046511
2021-01-11 00:00:00+00:00,0.008834999985992908,-0.10395534411992569,0,0.215625,0.30418583018561907,3,0,8,288,0.40747291666666663
2021-01-12 00:00:00+00:00,0.008062999695539474,-0.0873797726856107,0,0.22036666666666668,0.3217477466898564,4,0,9,138,0.5121898550724637
2021-01-13 00:00:00+00:00,0.008616000413894653,0.06858498564263926,0,0.11119333333333334,0.47443878495193315,7,4,15,133,0.460815037593985
2021-01-14 00:00:00+00:00,0.009397000074386597,0.09064526729043076,0,0.10115,0.14304770183403856,1,0,2,159,0.5133779874213836
2021-01-15 00:00:00+00:00,0.009368999861180782,-0.0029796970292822467,0,0.3866538461538462,0.29641498673139716,9,0,13,130,0.5035876923076923
2021-01-16 00:00:00+00:00,0.009265000000596046,-0.011100422897394324,0,0.21306000000000003,0.2989478850903615,2,0,5,105,0.5696542857142857
2021-01-17 00:00:00+00:00,0.009066999889910221,-0.02137076208020372,0,0.4404,0.0,1,0,1,99,0.4807090909090909
2021-01-18 00:00:00+00:00,0.009170999750494957,0.011470151301145037,0,0.35874,0.3096053552508419,8,0,10,115,0.4484895652173913
2021-01-19 00:00:00+00:00,0.009097999893128872,-0.007959858178182344,0,0.0,0.0,0,0,0,103,0.503473786407767
2021-01-20 00:00:00+00:00,0.009060000069439411,-0.004176722811148781,0,0.6696,0.0,1,0,1,102,0.4873676470588235
2021-01-21 00:00:00+00:00,0.008166000247001648,-0.09867547633397311,0,0.5717000000000001,0.34491152488718035,4,0,5,86,0.47562790697674423
2021-01-22 00:00:00+00:00,0.008523999713361263,0.04384024681986309,0,0.441425,0.3406043978479041,3,0,4,99,0.5078262626262626
2021-01-23 00:00:00+00:00,0.008578999899327755,0.006452391813232872,0,0.014133333333333331,0.38089670953335014,1,1,3,77,0.486438961038961
2021-01-24 00:00:00+00:00,0.008727000094950199,0.017251450910267696,0,0.24159999999999998,0.3466851309185325,2,0,5,81,0.5478753086419753
2021-01-25 00:00:00+00:00,0.008383000269532204,-0.03941787804231234,0,-0.06608333333333333,0.3994201497929293,4,4,12,70,0.47438857142857144
2021-01-26 00:00:00+00:00,0.008255000226199627,-0.015269001457364761,0,0.22470833333333332,0.3385174964145692,6,1,12,134,0.5232708955223881
2021-01-27 00:00:00+00:00,0.007482000160962343,-0.09364022338654154,0,0.0,0.0,0,0,0,155,0.4771193548387097
2021-01-28 00:00:00+00:00,0.03408399969339371,3.5554663138379006,0,0.10745555555555555,0.38870894395564287,15,7,36,8815,0.38170324446965403
2021-01-29 00:00:00+00:00,0.047162000089883804,0.38369911143453406,0,0.13863333333333333,0.4114677964312639,3,1,9,48710,0.3382290987476904
2021-01-30 00:00:00+00:00,0.028176000341773033,-0.40256985946156354,0,0.3209888888888889,0.33809861891334475,5,0,9,26378,0.32459105694139057
2021-01-31 00:00:00+00:00,0.037195999175310135,0.32013056232698434,0,0.4233222222222222,0.32531129621401783,7,0,9,16601,0.3689005300885489
2021-02-01 00:00:00+00:00,0.03487500175833702,-0.062399114647624265,0,0.324125,0.4175560591106301,2,0,4,13787,0.40327347501269317
2021-02-02 00:00:00+00:00,0.03152000159025192,-0.09620071681524922,0,0.0,0.0,0,0,1,9163,0.3964422787296737
2021-02-03 00:00:00+00:00,0.03711999952793121,0.17766490022675585,0,0.0,0.0,0,0,0,9597,0.4110824841096176
2021-02-04 00:00:00+00:00,0.05328899994492531,0.4355873012559608,3,0.13237619047619045,0.38431166636567504,10,6,21,21612,0.3589836664815843
2021-02-05 00:00:00+00:00,0.04693499952554703,-0.11923662342969843,0,0.2874857142857143,0.37931748544181926,3,0,7,12853,0.30693998288337354
2021-02-06 00:00:00+00:00,0.05759499967098236,0.2271226217789355,0,0.15961176470588234,0.28405223305395993,6,1,17,9942,0.4051437135385234
2021-02-07 00:00:00+00:00,0.07878199964761734,0.3678617952542409,1,0.3561,0.434941550096102,7,1,11,23374,0.37986885856079405
2021-02-08 00:00:00+00:00,0.07882499694824219,0.000545775695173667,1,0.198875,0.2776706515177391,3,0,8,16622,0.3974838888220431
2021-02-09 00:00:00+00:00,0.07006999850273132,-0.11106880792218166,0,0.07539000000000003,0.4491969413421146,5,3,10,14109,0.3850716634772131
2021-02-10 00:00:00+00:00,0.07289600372314453,0.04033117283858734,1,0.21600769230769232,0.3619853437676229,7,2,13,9321,0.41242513678789827
2021-02-11 00:00:00+00:00,0.0696759968996048,-0.044172611104569826,1,0.4427,0.4854667513503543,6,1,7,6585,0.40184765375854214
2021-02-12 00:00:00+00:00,0.07006900012493134,0.005640439216001658,0,0.0,0.0,0,0,3,7432,0.3733156485468246
2021-02-13 00:00:00+00:00,0.06644999980926514,-0.051649093168356974,0,0.21428000000000003,0.23629428050632117,3,0,5,4343,0.4212361271010822
2021-02-14 00:00:00+00:00,0.06253699958324432,-0.05888638430778781,1,0.5988333333333333,0.04314792385889884,3,0,3,6523,0.3615410700597884
2021-02-15 00:00:00+00:00,0.05659100040793419,-0.09507970025641044,0,-0.06645,0.1197244127152019,0,2,6,6501,0.3040556222119674
2021-02-16 00:00:00+00:00,0.05352000147104263,-0.05426656031443822,0,0.18158571428571427,0.45674197832244934,4,2,7,4078,0.3400994605198627
2021-02-17 00:00:00+00:00,0.049375999718904495,-0.07742902911503613,0,0.0,0.0,0,0,2,3870,0.3622158139534884
2021-02-18 00:00:00+00:00,0.0595409981906414,0.20586921843822537,0,0.63845,0.33453221817935563,2,0,2,4613,0.35922750921309343
2021-02-19 00:00:00+00:00,0.055139001458883286,-0.07393219572274523,0,0.19145555555555557,0.4936294210009952,4,3,9,2761,0.4040078232524448
2021-02-20 00:00:00+00:00,0.05438400059938431,-0.013692682847402993,2,0.46673,0.40268261571614933,8,1,10,2690,0.4077488475836431
2021-02-21 00:00:00+00:00,0.055980000644922256,0.029346867239406826,1,0.26362857142857143,0.33958151556627125,3,0,7,2593,0.41193081372927115
2021-02-22 00:00:00+00:00,0.053725000470876694,-0.04028224630344135,0,0.2973777777777778,0.38443022376556774,5,1,9,2670,0.3794377153558052
2021-02-23 00:00:00+00:00,0.04739199951291084,-0.11787809962698559,0,-0.016483333333333332,0.43441321994923987,1,2,6,2920,0.3643702397260274
2021-02-24 00:00:00+00:00,0.05655499920248985,0.19334486376931115,1,0.13294615384615385,0.35748932528441696,5,3,13,2847,0.3903819459079733
2021-02-25 00:00:00+00:00,0.05016700178384781,-0.11295194958398669,1,0.14698823529411764,0.36608696009683434,5,3,17,1891,0.4100274457958752
2021-02-26 00:00:00+00:00,0.05048000067472458,0.006239138871112493,0,0.16676666666666665,0.30299624860163976,2,0,6,1841,0.41816849538294404
2021-02-27 00:00:00+00:00,0.05008300021290779,-0.007864509835784683,0,0.0,0.0,0,0,0,1599,0.4259776735459662
2021-02-28 00:00:00+00:00,0.04805200174450874,-0.04055265179332457,0,0.0,0.0,0,0,0,2128,0.38647791353383454
2021-03-01 00:00:00+00:00,0.050599001348018646,0.05300506765674884,1,0.17853333333333332,0.33776827855794866,4,1,9,1772,0.3967053611738149
2021-03-02 00:00:00+00:00,0.050262000411748886,-0.006660229002384388,1,0.09958,0.18443991975708512,3,1,10,1964,0.42368910386965375
2021-03-03 00:00:00+00:00,0.050592001527547836,0.006565618421383146,0,0.21818461538461537,0.23129772605220972,8,0,13,1417,0.4531764996471419
2021-03-04 00:00:00+00:00,0.05004800111055374,-0.010752696089674996,0,0.29485,0.5136921364007824,3,1,6,1666,0.4587578031212485
2021-03-05 00:00:00+00:00,0.049609001725912094,-0.00877156679388491,0,-0.06767999999999999,0.15133708071718574,0,1,5,1396,0.45757571633237826
2021-03-06 00:00:00+00:00,0.05098399892449379,0.027716687511240456,1,0.16701428571428573,0.428445145680451,6,4,14,1638,0.42422326007326006
2021-03-07 00:00:00+00:00,0.052122000604867935,0.02232076150126039,0,-0.296,0.0,0,1,1,1436,0.42710898328690805
2021-03-08 00:00:00+00:00,0.061948999762535095,0.1885384107215058,0,0.40112857142857145,0.3263064955645521,5,0,7,2921,0.3778841834988018
2021-03-09 00:00:00+00:00,0.05799800157546997,-0.06377824020097533,0,0.03327499999999999,0.36356862488394126,2,2,8,1999,0.4229324662331166
2021-03-10 00:00:00+00:00,0.05600399896502495,-0.034380539954472766,0,0.17487999999999998,0.3585147374934537,2,1,5,1485,0.4287220202020202
2021-03-11 00:00:00+00:00,0.055918000638484955,-0.0015355747469694148,0,0.24945,0.409535320007119,6,1,10,1361,0.4422249081557678
2021-03-12 00:00:00+00:00,0.05534899979829788,-0.010175629201510938,1,0.017871428571428587,0.3136021136955007,2,2,7,1415,0.42398897526501766
2021-03-13 00:00:00+00:00,0.062431998550891876,0.1279697696147315,2,0.23387142857142856,0.4011256067380296,4,1,7,1976,0.4034962550607287
2021-03-14 00:00:00+00:00,0.05859199911355972,-0.0615069119435917,1,0.41126153846153846,0.3235599906726766,9,0,13,2154,0.43014452181987
2021-03-15 00:00:00+00:00,0.05708799883723259,-0.0256690384196,0,0.215175,0.24954620647620884,2,0,4,1268,0.4218725552050473
2021-03-16 00:00:00+00:00,0.05860700085759163,0.02660807965418388,0,0.0,0.0,0,0,1,1443,0.42915024255024253
2021-03-17 00:00:00+00:00,0.057652998715639114,-0.016277955329443206,0,0.09916666666666667,0.17176170508391367,1,0,3,1432,0.4359841480446927
2021-03-18 00:00:00+00:00,0.05738300085067749,-0.004683153885773228,0,0.20171428571428573,0.40957255941843984,5,1,7,1172,0.4268790955631399
2021-03-19 00:00:00+00:00,0.05832799896597862,0.01646825891452086,0,0.13924545454545456,0.25630051643973084,3,0,11,1239,0.44265891848264727
2021-03-20 00:00:00+00:00,0.05896100029349327,0.01085244374462202,0,0.42618333333333336,0.34769966589956147,4,0,6,1183,0.4133803043110736
2021-03-21 00:00:00+00:00,0.05723400041460991,-0.02929054578936563,0,0.37777272727272726,0.2734766720980387,9,0,11,999,0.4073804804804805
2021-03-22 00:00:00+00:00,0.054962001740932465,-0.039696660328105926,0,0.3382,0.0,1,0,1,919,0.4226603917301414
2021-03-23 00:00:00+00:00,0.05355599895119667,-0.025581360671015796,0,0.189275,0.306508260200975,5,1,8,928,0.4073909482758621
2021-03-24 00:00:00+00:00,0.051702000200748444,-0.03461794732160062,3,0.18117777777777777,0.2769783059094059,4,1,9,1023,0.4266712609970674
2021-03-25 00:00:00+00:00,0.051447998732328415,-0.004912797714475059,0,-0.05404545454545455,0.4171947994969169,3,5,11,1140,0.3789264035087719
2021-03-26 00:00:00+00:00,0.05395200103521347,0.048670548215349996,0,0.3869666666666667,0.2808666777434921,5,0,6,787,0.4121509529860229
2021-03-27 00:00:00+00:00,0.0543770007789135,0.007877367577574068,0,0.30484,0.28982725583047264,6,0,10,696,0.43674583333333333
2021-03-28 00:00:00+00:00,0.05369799956679344,-0.012486919145848874,0,0.23024,0.3335686031388446,2,0,5,761,0.411111826544021
2021-03-29 00:00:00+00:00,0.054051999002695084,0.006592413847024359,0,0.09225,0.753280853998029,1,1,2,650,0.4189903076923077
2021-03-30 00:00:00+00:00,0.05389999970793724,-0.002812093864470455,0,0.2887411764705882,0.35738897936776026,11,1,17,735,0.4074485714285714
2021-03-31 00:00:00+00:00,0.05365699902176857,-0.004508361548894113,0,0.21075,0.29804550827012977,1,0,2,713,0.40151991584852736
2021-04-01 00:00:00+00:00,0.06198599934577942,0.15522672672453752,1,0.311,0.4259550210996461,2,0,5,1881,0.3731786815523658
2021-04-02 00:00:00+00:00,0.05766399949789047,-0.06972542015140115,0,0.82825,0.10981368311827083,2,0,2,908,0.4247593612334802
2021-04-03 00:00:00+00:00,0.05580399930477142,-0.03225583048895342,0,-0.2622,0.4563986926653786,1,3,4,660,0.42804333333333333
2021-04-04 00:00:00+00:00,0.05740400031208992,0.02867179820894461,0,0.08001250000000001,0.5042748979262912,4,2,8,626,0.4347888178913738
2021-04-05 00:00:00+00:00,0.059696000069379807,0.039927526737316255,0,0.290425,0.3602917457359446,7,1,12,636,0.4270518867924529
2021-04-06 00:00:00+00:00,0.06445799767971039,0.07977079879382365,0,0.22246666666666667,0.3853235696571562,1,0,3,1146,0.39149249563699823
2021-04-07 00:00:00+00:00,0.05902799963951111,-0.08424087367995448,0,0.2661,0.3546194169938963,6,1,12,1414,0.3882027581329562
2021-04-08 00:00:00+00:00,0.06146400049328804,0.041268565234359844,0,0.04571999999999998,0.46793084104384486,2,1,5,728,0.39294065934065936
2021-04-09 00:00:00+00:00,0.06168400123715401,0.0035793430642379054,0,0.22016153846153846,0.267193465604117,15,2,26,764,0.43826675392670156
2021-04-10 00:00:00+00:00,0.06384500116109848,0.03503339408278916,1,0.21588333333333334,0.3985458444707805,12,3,24,770,0.44593987012987013
2021-04-11 00:00:00+00:00,0.07464899867773056,0.16922229336907102,0,0.42108,0.4031887051989428,3,0,5,2565,0.4161532943469785
2021-04-12 00:00:00+00:00,0.07076700031757355,-0.052003354752501174,0,0.0,0.0,0,0,0,1228,0.4043018729641694
2021-04-13 00:00:00+00:00,0.09344500303268433,0.32046013838853016,0,-0.6428,0.0,0,1,1,4131,0.36931658194141853
2021-04-14 00:00:00+00:00,0.12151700258255005,0.3004119924962383,0,0.3038590909090909,0.3509999819008148,11,0,22,10147,0.35899390952991034
2021-04-15 00:00:00+00:00,0.18220700323581696,0.4994362876259921,1,0.30616363636363636,0.3453074174492267,6,0,11,8013,0.3663804317983277
2021-04-16 00:00:00+00:00,0.36586999893188477,1.0079908699138556,0,0.1450875,0.3521056352756331,2,1,8,27524,0.3383793997965412
2021-04-17 00:00:00+00:00,0.28417301177978516,-0.22329512501873494,1,0.34901428571428567,0.36582780752958727,5,1,7,12112,0.38508290125495376
2021-04-18 00:00:00+00:00,0.3204750120639801,0.1277461221839269,0,0.7506,0.0,1,0,1,9784,0.4107267375306623
2021-04-19 00:00:00+00:00,0.40731799602508545,0.27098207564391297,0,0.69045,0.2798021533155169,2,0,2,15018,0.409392928485817
2021-04-20 00:00:00+00:00,0.31949999928474426,-0.215600581357404,0,0.3170625,0.39539656743036394,5,1,8,24229,0.36361792892814393
2021-04-21 00:00:00+00:00,0.3069249987602234,-0.03935837418676735,0,0.13935,0.2787,1,0,4,8401,0.3809678966789668
2021-04-22 00:00:00+00:00,0.2609669864177704,-0.14973694722845443,0,0.3047,0.43880977959323864,10,2,16,9808,0.35799405587275696
2021-04-23 00:00:00+00:00,0.2485090047121048,-0.04773776896715265,0,0.033716666666666666,0.08258862916083949,1,0,6,11229,0.31968227803010063
2021-04-24 00:00:00+00:00,0.27021199464797974,0.08733281098211165,0,0.35035,0.27143191288670043,3,0,4,5881,0.4199995238904948
2021-04-25 00:00:00+00:00,0.2511110007762909,-0.07068891925605592,0,0.299075,0.35327046649840405,2,0,4,4828,0.3934044946147473
2021-04-26 00:00:00+00:00,0.2706739902496338,0.07790574452280219,0,0.3650111111111111,0.30449339255739377,6,0,9,3715,0.40729940780619117
2021-04-27 00:00:00+00:00,0.2721880078315735,0.005593509670224872,0,0.2195111111111111,0.35602640507567845,5,1,9,3625,0.42059489655172416
2021-04-28 00:00:00+00:00,0.3236820101737976,0.18918541912429876,1,0.31964,0.3743093884552113,9,2,15,5838,0.3861566974991435
2021-04-29 00:00:00+00:00,0.3051689863204956,-0.05719509664241651,0,0.27754545454545454,0.32571346414797275,6,1,11,3697,0.41516429537462807
2021-04-30 00:00:00+00:00,0.3375610113143921,0.1061445508747656,0,0.0,0.0,0,0,0,4269,0.4188328414148512
2021-05-01 00:00:00+00:00,0.3929870128631592,0.16419550745197098,0,-0.0789,0.4372214884929605,1,1,5,6898,0.42250447955929255
2021-05-02 00:00:00+00:00,0.37604600191116333,-0.043108322660766474,0,0.4063800000000001,0.24728512288449542,4,0,5,5808,0.39767518939393937
2021-05-03 00:00:00+00:00,0.44170698523521423,0.17460891218187347,0,0.47283333333333327,0.34036865797739563,3,0,3,8994,0.3935603624638648
2021-05-04 00:00:00+00:00,0.5413339734077454,0.22554994940702278,0,0.29425,0.645376359188962,1,1,2,19848,0.37404670495767833
2021-05-05 00:00:00+00:00,0.6576330065727234,0.2148378614275126,0,0.08038,0.1797351440314331,1,0,5,21782,0.3882332063171426
2021-05-06 00:00:00+00:00,0.5808039903640747,-0.11682658175727167,0,0.27503,0.3074037990439719,6,0,10,10352,0.40865911901081914
2021-05-07 00:00:00+00:00,0.684777021408081,0.1790156968081973,1,0.24720833333333334,0.3214578537575715,5,0,12,13462,0.37351711484177685
2021-05-08 00:00:00+00:00,0.6364390254020691,-0.07058939551829058,0,0.41136666666666666,0.33979211684008603,4,0,6,15726,0.3582306308024927
2021-05-09 00:00:00+00:00,0.5700700283050537,-0.1042817841899103,1,0.77005,0.07304413049657033,2,0,2,34132,0.32111067619828904
2021-05-10 00:00:00+00:00,0.4499639868736267,-0.210686469149289,0,0.4328166666666667,0.3518403525274875,4,0,6,11434,0.36901304005597346
2021-05-11 00:00:00+00:00,0.4952310025691986,0.10060141926043786,1,0.393775,0.4591250401579073,2,0,4,9886,0.3704786870321667
2021-05-12 00:00:00+00:00,0.3853760063648224,-0.22182576541949472,0,0.4563375,0.3094878808497308,6,0,8,8119,0.36784207414706244
2021-05-13 00:00:00+00:00,0.49037399888038635,0.27245596711115927,2,0.311825,0.3954007253046314,4,1,8,13413,0.33678014612689183
2021-05-14 00:00:00+00:00,0.5596039891242981,0.141177938475483,0,0.3562666666666667,0.37674513047063174,2,0,3,9117,0.38407546341998466
2021-05-15 00:00:00+00:00,0.507972002029419,-0.09226522344073351,0,0.4019,0.0,1,0,1,4710,0.3815198938428875
2021-05-16 00:00:00+00:00,0.5148950219154358,0.013628743037723323,0,0.06918461538461539,0.4551890977863922,6,3,13,5578,0.3628135532448907
2021-05-17 00:00:00+00:00,0.4878920018672943,-0.052443738818233054,0,0.3062,0.43303219279864175,1,0,2,4672,0.379341095890411
2021-05-18 00:00:00+00:00,0.47611498832702637,-0.02413856651716806,0,0.18365,0.2361934778947124,3,0,6,4043,0.3677922829581994
2021-05-19 00:00:00+00:00,0.33312299847602844,-0.3003307884791516,1,0.4996833333333333,0.4369515964802814,4,0,6,11363,0.26527895802164925
2021-05-20 00:00:00+00:00,0.400193989276886,0.2013400188749921,1,0.36438333333333334,0.3330557397750434,18,1,24,5998,0.3343706735578526
2021-05-21 00:00:00+00:00,0.3593820035457611,-0.10198050651602342,0,0.7261,0.1200204149301276,4,0,4,4442,0.330046082845565
2021-05-22 00:00:00+00:00,0.34237098693847656,-0.04733408028072972,0,0.3473571428571428,0.3187462149168356,5,1,7,3470,0.3357718155619597
2021-05-23 00:00:00+00:00,0.30807098746299744,-0.10018372112133078,0,0.5707,0.0,1,0,1,5204,0.316158570330515
2021-05-24 00:00:00+00:00,0.3661620020866394,0.18856373039872598,3,0.494325,0.6301585746196481,3,1,4,5004,0.41033077537969626
2021-05-25 00:00:00+00:00,0.34630200266838074,-0.054238286073057584,0,0.4181,0.05755849198858497,2,0,2,4645,0.4420852960172228
2021-05-26 00:00:00+00:00,0.35369300842285156,0.021342659578981626,0,0.15408,0.3655567954048545,3,2,10,3156,0.4029219581749049
2021-05-27 00:00:00+00:00,0.33294498920440674,-0.058661095142824804,0,0.1242,0.34686637196476683,2,1,5,2629,0.3908525294788893
2021-05-28 00:00:00+00:00,0.3112049996852875,-0.06529604055933791,0,0.10598,0.4543723715192199,2,1,5,2664,0.3839516516516517
2021-05-29 00:00:00+00:00,0.3031100034713745,-0.026011780730062828,0,0.3247090909090909,0.40498309212742567,9,2,11,2857,0.34696398319916
2021-05-30 00:00:00+00:00,0.3022240102291107,-0.0029230089146413674,0,0.16405,0.3067486267287924,3,1,8,2205,0.3683378684807256
2021-05-31 00:00:00+00:00,0.3258099853992462,0.0780413678987828,0,0.14339999999999997,0.6146618311451156,2,1,4,2635,0.3759962428842505
2021-06-01 00:00:00+00:00,0.3700770139694214,0.13586762393402574,0,0.14305714285714285,0.3794261801595617,3,1,7,3375,0.36611434074074073
2021-06-02 00:00:00+00:00,0.4233739972114563,0.14401592433524857,0,0.05338333333333333,0.2973218422497545,2,3,12,4419,0.3886389907218828
2021-06-03 00:00:00+00:00,0.39996299147605896,-0.05529627678977311,0,0.41483333333333333,0.3814954040789133,2,0,3,3696,0.36496772186147186
2021-06-04 00:00:00+00:00,0.37632301449775696,-0.05910541095579602,1,0.15750714285714285,0.4288077594452315,6,2,14,3636,0.3747516501650165
2021-06-05 00:00:00+00:00,0.37217700481414795,-0.011017156867597633,0,0.3818375,0.42327527664798537,5,1,8,2576,0.3626906832298137
2021-06-06 00:00:00+00:00,0.3718070089817047,-0.0009941394219882271,0,0.1983388888888889,0.3112175806671915,8,1,18,2112,0.3658348958333333
2021-06-07 00:00:00+00:00,0.33105000853538513,-0.1096186985768337,0,0.5856666666666667,0.17394187151651172,6,0,6,2172,0.34884438305709026
2021-06-08 00:00:00+00:00,0.32768699526786804,-0.01015862613142815,0,0.0,0.0,0,0,0,2848,0.32681748595505616
2021-06-09 00:00:00+00:00,0.3433310091495514,0.047740722419866266,0,0.27718750000000003,0.4498643428460248,4,1,8,2276,0.37207899824253077
2021-06-10 00:00:00+00:00,0.32635098695755005,-0.04945671011209196,0,0.277675,0.3391690962238944,2,0,4,1943,0.365419197117859
2021-06-11 00:00:00+00:00,0.3193590044975281,-0.021424732081265163,0,0.3750714285714286,0.36762206460025276,4,0,7,1820,0.3827987362637363
2021-06-12 00:00:00+00:00,0.31208398938179016,-0.02278005321059995,0,0.6588,0.0,1,0,1,1755,0.3734266096866097
2021-06-13 00:00:00+00:00,0.3243820071220398,0.0394061155287424,0,0.43533333333333335,0.3987886470299775,6,1,9,1739,0.3786043703277746
2021-06-14 00:00:00+00:00,0.3320850133895874,0.023746712513094348,0,0.1585,0.28787827288630174,5,1,12,1696,0.36009298349056607
2021-06-15 00:00:00+00:00,0.3283810019493103,-0.011153804872042539,0,0.43508,0.35829907479646106,4,1,5,1474,0.39718005427408415
2021-06-16 00:00:00+00:00,0.307761013507843,-0.06279287875688444,0,0.39964,0.24529220760372944,8,0,10,1358,0.36240868924889547
2021-06-17 00:00:00+00:00,0.3064959943294525,-0.0041103945037478384,0,0.37167272727272727,0.29757687104648806,8,0,11,1327,0.3885210248681236
2021-06-18 00:00:00+00:00,0.2934719920158386,-0.042493221949303495,0,0.40372,0.33410021251115657,4,1,5,2142,0.3215263772175537
2021-06-19 00:00:00+00:00,0.2873559892177582,-0.020840158394912045,0,0.58605,0.2327088416884928,2,0,2,1318,0.3856036418816388
2021-06-20 00:00:00+00:00,0.2809000015258789,-0.02246686317363278,0,0.4537,0.22302147878623715,2,0,2,1860,0.3194143010752688
2021-06-21 00:00:00+00:00,0.17869099974632263,-0.36386258890831624,0,0.074,0.24448284193374387,1,1,4,4379,0.2723148435715917
2021-06-22 00:00:00+00:00,0.19103099405765533,0.0690577271874413,0,0.5859,0.0,1,0,1,3752,0.2956143923240938
2021-06-23 00:00:00+00:00,0.23217399418354034,0.21537342842631912,0,0.125,0.1767766952966369,1,0,2,2151,0.33969814039981405
2021-06-24 00:00:00+00:00,0.2627820074558258,0.13183222083042145,0,0.5356833333333334,0.2797354994752484,6,0,6,1504,0.3770241356382979
2021-06-25 00:00:00+00:00,0.23915299773216248,-0.08991867423661193,1,0.2443655172413793,0.33409536841603227,17,2,29,1874,0.3594946104589114
2021-06-26 00:00:00+00:00,0.24478399753570557,0.023545595735536162,0,0.0,0.0,0,0,0,977,0.3547331627430911
2021-06-27 00:00:00+00:00,0.2644500136375427,0.08034028490350376,0,0.1591,0.2250013777735594,1,0,2,1081,0.36943644773358
2021-06-28 00:00:00+00:00,0.2568570077419281,-0.028712442821128614,0,0.49585,0.35008925052525297,3,0,4,988,0.4005725708502024
2021-06-29 00:00:00+00:00,0.26276901364326477,0.02301672028849855,0,0.11288999999999998,0.4511666493042726,4,3,10,1015,0.39697083743842365
2021-06-30 00:00:00+00:00,0.2542150020599365,-0.03255334966907919,0,0.271675,0.32464423934956427,5,1,8,954,0.3759353249475891
2021-07-01 00:00:00+00:00,0.2445490062236786,-0.038022916656897277,2,0.2426818181818182,0.4502218010379663,13,4,22,1155,0.33277636363636365
2021-07-02 00:00:00+00:00,0.2452639937400818,0.002923698310796752,0,0.21475789473684212,0.44728350854636245,10,3,19,966,0.3814741200828158
2021-07-03 00:00:00+00:00,0.24641099572181702,0.004676601584457485,0,0.3465833333333333,0.29229492925240197,4,0,6,842,0.3456067695961995
2021-07-04 00:00:00+00:00,0.2464829981327057,0.0002922045368867199,0,0.2712333333333333,0.27407463593081,7,0,12,792,0.35499936868686865
2021-07-05 00:00:00+00:00,0.23161399364471436,-0.0603246658010298,0,0.20498333333333332,0.5186101249172317,4,2,6,811,0.34539334155363743
2021-07-06 00:00:00+00:00,0.2344219982624054,0.012123639739999525,0,0.39371428571428574,0.2846481595969044,5,0,7,809,0.3666761433868974
2021-07-07 00:00:00+00:00,0.22412599623203278,-0.043920801403832255,0,0.2020583333333333,0.4490825302938777,5,2,12,867,0.3337650519031142
2021-07-08 00:00:00+00:00,0.20759700238704681,-0.07374866870808616,0,0.23420833333333335,0.31387485171041,12,1,24,1216,0.31143305921052633
2021-07-09 00:00:00+00:00,0.21986399590969086,0.05909041740291254,0,0.11459285714285714,0.4541997992484834,6,3,14,1089,0.34026611570247933
2021-07-10 00:00:00+00:00,0.213919997215271,-0.027034888863119555,0,0.3705684210526316,0.37231771088179155,11,2,19,747,0.378416733601071
2021-07-11 00:00:00+00:00,0.21585600078105927,0.009050128978077998,0,0.290525,0.39824588196238764,2,0,4,752,0.3723066489361702
2021-07-12 00:00:00+00:00,0.2080480009317398,-0.0361722621611944,0,0.15031111111111112,0.2647908582468645,4,1,9,814,0.37020257985257987
2021-07-13 00:00:00+00:00,0.2000029981136322,-0.03866897438128791,0,0.23697,0.3944285009140862,4,2,10,891,0.3090811447811448
2021-07-14 00:00:00+00:00,0.1973239928483963,-0.01339482553013438,0,0.17688,0.3826701698031123,7,2,15,1069,0.31167521047708135
2021-07-15 00:00:00+00:00,0.18488800525665283,-0.06302319050120797,0,0.3956789473684211,0.3629486075939484,13,1,19,1077,0.310102878365831
2021-07-16 00:00:00+00:00,0.17234499752521515,-0.06784111123934766,0,0.18712857142857145,0.32118813134094126,2,0,7,1187,0.3243898062342039
2021-07-17 00:00:00+00:00,0.1861249953508377,0.0799558909367617,0,0.24570434782608697,0.2741891674112814,12,0,23,1405,0.3110441992882563
2021-07-18 00:00:00+00:00,0.18223300576210022,-0.020910622892971742,0,0.28815,0.38461975594951786,2,0,4,705,0.3599317730496454
2021-07-19 00:00:00+00:00,0.17355599999427795,-0.04761489682692188,0,0.23969999999999997,0.2247946173732814,3,0,5,766,0.30399895561357704
2021-07-20 00:00:00+00:00,0.17080099880695343,-0.01587384583313367,0,0.3387375,0.3795107750681885,6,1,8,1217,0.29961684470008215
2021-07-21 00:00:00+00:00,0.19034899771213531,0.11444897302547896,0,0.1508,0.5430289218816987,2,2,5,1198,0.34286143572621036
2021-07-22 00:00:00+00:00,0.19130299985408783,0.005011857973611367,0,0.349625,0.3679257748966948,3,0,4,696,0.34112772988505746
2021-07-23 00:00:00+00:00,0.19476400315761566,0.01809173565583211,0,0.37422307692307694,0.3673386089015741,9,1,13,721,0.3647194174757281
2021-07-24 00:00:00+00:00,0.19731900095939636,0.01311842928034812,0,0.232575,0.391325658673647,7,1,12,700,0.37785985714285714
2021-07-25 00:00:00+00:00,0.19786399602890015,0.00276199994351245,0,0.2317111111111111,0.29911714779426335,8,0,18,676,0.3590813609467456
2021-07-26 00:00:00+00:00,0.20441900193691254,0.03312884627608037,0,0.21275,0.3412389265602622,5,1,10,1189,0.3361138772077376
2021-07-27 00:00:00+00:00,0.20589900016784668,0.007240022781203503,0,0.34964545454545454,0.33694759641118194,7,0,11,751,0.3137498002663116
2021-07-28 00:00:00+00:00,0.2053920030593872,-0.0024623582826831525,0,0.27085,0.3213005057574606,3,0,6,845,0.31919325443786983
2021-07-29 00:00:00+00:00,0.20461900532245636,-0.003763524019517628,0,0.2923904761904762,0.3430917966153693,12,2,21,666,0.342543993993994
2021-07-30 00:00:00+00:00,0.20882099866867065,0.020535694324153475,0,0.16703684210526318,0.37509383746015457,8,3,19,666,0.3362881381381382
2021-07-31 00:00:00+00:00,0.20831400156021118,-0.002427902901010026,0,0.0689625,0.3674213193649942,6,4,24,594,0.37179427609427607
2021-08-01 00:00:00+00:00,0.2044370025396347,-0.01861132229009521,0,0.09878,0.22087879481742922,1,0,5,634,0.3419518927444795
2021-08-02 00:00:00+00:00,0.20360000431537628,-0.004094162083481678,0,-0.001999999999999997,0.29794314893952506,1,3,7,591,0.34949137055837565
2021-08-03 00:00:00+00:00,0.19596700370311737,-0.03749017902983631,0,0.34708333333333335,0.46444141682957896,4,1,6,715,0.31872405594405595
2021-08-04 00:00:00+00:00,0.20148999989032745,0.028183296589956663,0,0.25674,0.35299129104774746,7,1,10,573,0.3466328097731239
2021-08-05 00:00:00+00:00,0.2009740024805069,-0.002560908283792851,0,0.12564117647058826,0.3541340248740996,6,2,17,569,0.33373743409490336
2021-08-06 00:00:00+00:00,0.20468799769878387,0.018479978367536454,0,0.20772272727272725,0.36769655959100966,11,1,22,684,0.3765697368421052
2021-08-07 00:00:00+00:00,0.26034098863601685,0.2718918137014128,0,0.2997,0.42383980464321663,1,0,2,1387,0.35047584715212693
2021-08-08 00:00:00+00:00,0.2400449961423874,-0.07795926642195139,0,0.0,0.0,0,0,0,1288,0.3544057453416149
2021-08-09 00:00:00+00:00,0.2568970024585724,0.07020353095045939,0,-0.29295,0.4142938630971982,0,1,2,754,0.3430580901856764
2021-08-10 00:00:00+00:00,0.2573249936103821,0.0016660029027730783,0,0.214875,0.15739723366904093,3,0,4,747,0.38360120481927706
2021-08-11 00:00:00+00:00,0.26526299118995667,0.030848140587515394,0,0.19192,0.2749629193182237,2,0,5,946,0.37433625792811837
2021-08-12 00:00:00+00:00,0.26392099261283875,-0.005059124799497217,0,0.041411111111111114,0.3338262626144191,3,3,9,746,0.3439042895442359
2021-08-13 00:00:00+00:00,0.2868080139160156,0.08671921500670932,0,0.09867272727272726,0.31614119687828784,6,5,22,641,0.35801060842433696
2021-08-14 00:00:00+00:00,0.29311299324035645,0.021983274589346236,0,0.22732222222222223,0.4096448441035888,8,1,18,877,0.35753055872291906
2021-08-15 00:00:00+00:00,0.34144100546836853,0.16487843713015637,0,0.3033333333333333,0.2954278908069898,4,0,6,1727,0.35706693688477126
2021-08-16 00:00:00+00:00,0.3207150101661682,-0.06070154132122951,0,0.6249,0.0,1,0,1,1261,0.3836887390959556
2021-08-17 00:00:00+00:00,0.29944199323654175,-0.0663299697716192,0,0.5106,0.0,1,0,1,791,0.33507635903919086
2021-08-18 00:00:00+00:00,0.3037390112876892,0.014350084985418343,0,0.2058181818181818,0.43180581704785276,7,2,11,920,0.343416847826087
2021-08-19 00:00:00+00:00,0.3171440064907074,0.044133268052030106,0,0.0,0.0,0,0,1,640,0.36925718750000003
2021-08-20 00:00:00+00:00,0.32749098539352417,0.03262549091596956,0,0.05741428571428571,0.1519039217024084,1,0,7,779,0.38664672657252885
2021-08-21 00:00:00+00:00,0.3167969882488251,-0.032654325223177794,0,0.39796666666666664,0.28168904605374107,5,0,6,623,0.33753322632423755
2021-08-22 00:00:00+00:00,0.3149630129337311,-0.005789118530550863,0,0.0,0.0,0,0,0,538,0.40411115241635687
2021-08-23 00:00:00+00:00,0.3179140090942383,0.009369341920564267,0,0.11463333333333332,0.1866175687594739,4,0,12,581,0.4101848537005163
2021-08-24 00:00:00+00:00,0.28873899579048157,-0.09177014057001953,0,0.46245,0.36886178847909956,4,0,6,642,0.33015903426791277
2021-08-25 00:00:00+00:00,0.29222598671913147,0.012076619298004854,0,0.2646,0.3179366918114359,2,0,4,524,0.36437442748091603
2021-08-26 00:00:00+00:00,0.2689090073108673,-0.07979091685187778,0,-0.05715,0.09066081292377651,0,2,6,587,0.3495574105621806
2021-08-27 00:00:00+00:00,0.29443299770355225,0.09491682948045832,0,0.538175,0.47308708412581574,3,1,4,577,0.33365043327556326
2021-08-28 00:00:00+00:00,0.285629004240036,-0.029901517602250793,0,0.20146999999999998,0.2088323891971209,6,1,10,425,0.364224
2021-08-29 00:00:00+00:00,0.281125009059906,-0.015768689850366058,0,0.0,0.0,0,0,4,432,0.3953777777777778
2021-08-30 00:00:00+00:00,0.2721250057220459,-0.032014239387511245,0,0.15421764705882354,0.3591399122126607,10,2,17,474,0.36431350210970465
2021-08-31 00:00:00+00:00,0.27845299243927,0.023253969992333756,0,0.1728,0.3702460623243232,5,1,10,532,0.36230639097744366
2021-09-01 00:00:00+00:00,0.29440099000930786,0.05727357221171214,0,0.24256428571428573,0.3831928287572577,6,1,14,655,0.32707969465648856
2021-09-02 00:00:00+00:00,0.29595500230789185,0.005278556633029119,0,0.49151333333333336,0.3354784831649664,11,0,15,695,0.378896690647482
2021-09-03 00:00:00+00:00,0.29627299308776855,0.0010744565133111728,0,0.25444999999999995,0.24026202957842266,5,0,8,545,0.351825871559633
2021-09-04 00:00:00+00:00,0.29938799142837524,0.010513946303853272,0,0.223625,0.26086127060182773,2,0,4,570,0.4396287719298246
2021-09-05 00:00:00+00:00,0.3145270049571991,0.0505665356068421,0,0.0,0.0,0,0,0,590,0.3853035593220339
2021-09-06 00:00:00+00:00,0.3087649941444397,-0.018319606017751955,0,0.2733555555555556,0.3342089657351786,6,1,9,504,0.33675773809523807
2021-09-07 00:00:00+00:00,0.2537440061569214,-0.17819697514602184,0,0.049250000000000016,0.9690898436161635,1,1,2,794,0.24052015113350128
2021-09-08 00:00:00+00:00,0.2571130096912384,0.01327717483987989,0,0.41605000000000003,0.11009652583074547,2,0,2,494,0.2933344129554656
2021-09-09 00:00:00+00:00,0.252595990896225,-0.017568223406656203,0,0.10001333333333333,0.338025461565644,4,3,15,445,0.30225280898876405
2021-09-10 00:00:00+00:00,0.2399819940328598,-0.049937438906334175,0,0.06755555555555555,0.30333568497256924,2,1,9,428,0.3340549065420561
2021-09-11 00:00:00+00:00,0.24143199622631073,0.006042129115955142,0,0.2708888888888889,0.33963000619955697,5,0,9,415,0.3224096385542169
2021-09-12 00:00:00+00:00,0.25061699748039246,0.03804384421968665,0,0.16174375,0.3177968469924353,5,1,16,515,0.30189281553398056
2021-09-13 00:00:00+00:00,0.23590600490570068,-0.05869910150784052,0,-0.016674999999999995,0.3227601265424747,2,2,8,469,0.3215639658848614
2021-09-14 00:00:00+00:00,0.24070900678634644,0.020359811877470824,0,-0.2822,0.2763179207603686,0,3,4,343,0.3593122448979592
2021-09-15 00:00:00+00:00,0.24769699573516846,0.029030857806764843,0,0.0,0.0,0,0,1,405,0.3341212345679012
2021-09-16 00:00:00+00:00,0.24255500733852386,-0.02075918757667239,0,0.51195,0.1512212947967316,8,0,8,395,0.32945848101265823
2021-09-17 00:00:00+00:00,0.23993000388145447,-0.010822301653850341,0,0.4558166666666667,0.3199941756098733,10,0,12,489,0.2892658486707566
2021-09-18 00:00:00+00:00,0.24138599634170532,0.006068405104391328,0,0.22733478260869563,0.38329834998185713,12,2,23,361,0.32154626038781164
2021-09-19 00:00:00+00:00,0.23314200341701508,-0.03415273897256277,0,0.22574444444444441,0.30996828108336794,5,0,9,341,0.3263756598240469
2021-09-20 00:00:00+00:00,0.20707100629806519,-0.11182453928011149,0,0.2666545454545454,0.27600006653490633,6,0,11,598,0.24683377926421401
2021-09-21 00:00:00+00:00,0.2010270059108734,-0.029188057252649946,0,0.3520666666666667,0.5308414289283256,5,1,6,593,0.2863320404721754
2021-09-22 00:00:00+00:00,0.22485800087451935,0.11854623639080386,0,0.14242307692307693,0.46788406711108493,5,2,13,852,0.2821929577464789
2021-09-23 00:00:00+00:00,0.22483199834823608,-0.00011563976457207303,0,0.0,0.0,0,0,1,598,0.2962202341137124
2021-09-24 00:00:00+00:00,0.20945100486278534,-0.0684110518006763,0,0.025675,0.05135,1,0,4,539,0.23770315398886824
2021-09-25 00:00:00+00:00,0.208639994263649,-0.0038720778621599283,0,0.0931,0.4807381883252939,3,3,8,366,0.2704628415300547
2021-09-26 00:00:00+00:00,0.20496200025081635,-0.017628422708758973,0,0.2755571428571429,0.20123433154031195,5,0,7,310,0.2755464516129032
2021-09-27 00:00:00+00:00,0.20026199519634247,-0.022931104539975156,0,-0.06625,0.1873832970144351,0,1,8,343,0.3110868804664723
2021-09-28 00:00:00+00:00,0.1968040019273758,-0.0172673465356038,0,0.10068571428571428,0.4618215182967385,2,2,7,406,0.30545911330049264
2021-09-29 00:00:00+00:00,0.19887599349021912,0.010528198321942295,0,0.22475,0.48109975576796965,3,1,6,400,0.254085
2021-09-30 00:00:00+00:00,0.204244002699852,0.026991740508373052,0,0.3838,0.3426112082229652,2,0,3,440,0.3245459090909091
2021-10-01 00:00:00+00:00,0.22301000356674194,0.09188030306313388,0,0.20095,0.28418621535887345,1,0,2,543,0.2912418047882136
2021-10-02 00:00:00+00:00,0.21913300454616547,-0.017384865963719798,0,0.36875,0.32129129133683176,7,0,10,397,0.3505727959697733
2021-10-03 00:00:00+00:00,0.2217479944229126,0.011933345605162904,0,0.4527,0.29935113638859445,6,0,8,345,0.2623736231884058
2021-10-04 00:00:00+00:00,0.2408519983291626,0.08615186782621032,0,-0.02765,0.03910300499961608,0,1,2,599,0.35030150250417363
2021-10-05 00:00:00+00:00,0.25201600790023804,0.0463521567125138,0,0.3753,0.5307543499586226,1,0,2,694,0.2666606628242075
2021-10-06 00:00:00+00:00,0.2551339864730835,0.012372144923745276,0,0.0,0.0,0,0,0,700,0.2953932857142857
2021-10-07 00:00:00+00:00,0.24292300641536713,-0.0478610483319698,0,0.49351538461538463,0.30661442629181107,11,1,13,485,0.2616103092783505
2021-10-08 00:00:00+00:00,0.24385100603103638,0.0038201388553642524,0,0.2383833333333333,0.4842112490088047,4,1,6,437,0.31888741418764305
2021-10-09 00:00:00+00:00,0.24659599363803864,0.011256822974324177,0,0.17291818181818183,0.3901513496533923,6,2,11,378,0.32049021164021163
2021-10-10 00:00:00+00:00,0.22980499267578125,-0.06809113446872839,0,0.5748666666666666,0.2670256978894229,3,0,3,397,0.29270528967254406
2021-10-11 00:00:00+00:00,0.23150299489498138,0.007388883067461327,0,0.2095357142857143,0.4554693531987599,7,3,14,447,0.30444116331096194
2021-10-12 00:00:00+00:00,0.22624200582504272,-0.022725360733779065,0,0.1741,0.32800835355216185,5,2,12,477,0.2919620545073375
2021-10-13 00:00:00+00:00,0.23257200419902802,0.02797888195386844,0,0.0,0.0,0,0,1,424,0.3091745283018868
2021-10-14 00:00:00+00:00,0.23227299749851227,-0.0012856521641352314,0,0.27202857142857145,0.3935354979450484,12,3,21,491,0.2968315682281059
2021-10-15 00:00:00+00:00,0.23378199338912964,0.00649664793957383,0,0.311,0.39466631475209535,2,0,4,524,0.2955799618320611
2021-10-16 00:00:00+00:00,0.23729200661182404,0.0150140443744613,0,0.5103,0.023193102422918718,2,0,2,464,0.31125625
2021-10-17 00:00:00+00:00,0.23789800703525543,0.002553817265419811,0,0.21212307692307691,0.3569410272342995,6,2,13,399,0.32984010025062654
2021-10-18 00:00:00+00:00,0.2472810000181198,0.03944124248789471,0,0.4141333333333333,0.40164468542896636,2,0,3,638,0.31343260188087774
2021-10-19 00:00:00+00:00,0.24578799307346344,-0.006037693735252536,0,0.37198571428571425,0.3821321430629786,5,1,7,493,0.32046937119675456
2021-10-20 00:00:00+00:00,0.2540929913520813,0.03378927576879476,0,-0.0017428571428571413,0.30232760849307644,1,2,7,610,0.3197437704918033
2021-10-21 00:00:00+00:00,0.24239100515842438,-0.04605395108061905,0,0.09234166666666666,0.17333117255354813,3,0,12,513,0.3517165692007797
2021-10-22 00:00:00+00:00,0.24422100186347961,0.007549771510123371,0,0.15506999999999999,0.361460697579608,8,4,20,549,0.3093360655737705
2021-10-23 00:00:00+00:00,0.2517330050468445,0.03075903843668648,0,0.3498333333333333,0.3269245223799116,2,0,3,405,0.3332661728395062
2021-10-24 00:00:00+00:00,0.2770479917526245,0.10056284316420583,0,0.06399333333333332,0.39316989687605003,4,3,15,859,0.31674912689173457
2021-10-25 00:00:00+00:00,0.2647069990634918,-0.04454460258333848,0,0.07587647058823528,0.3158405878156965,4,3,17,649,0.30374345146379045
2021-10-26 00:00:00+00:00,0.255731999874115,-0.03390540945698273,0,0.3242428571428571,0.4123847470026499,10,1,14,620,0.32268774193548383
2021-10-27 00:00:00+00:00,0.2376900017261505,-0.07055041276354046,0,0.28358333333333335,0.47501526259370835,7,2,12,980,0.28163989795918365
2021-10-28 00:00:00+00:00,0.3004469871520996,0.2640287137456174,0,0.20926,0.44660459071134107,4,1,10,1922,0.326453277835588
2021-10-29 00:00:00+00:00,0.2878530025482178,-0.04191749340959838,0,0.08320769230769232,0.1872172644351052,3,0,13,760,0.3037680263157895
2021-10-30 00:00:00+00:00,0.2683449983596802,-0.0677707163581518,0,0.233575,0.27059209615212343,2,0,4,690,0.3014414492753623
2021-10-31 00:00:00+00:00,0.28024399280548096,0.04434215103145611,1,0.22578666666666666,0.33741041110761466,7,1,15,591,0.3069395939086294
2021-11-01 00:00:00+00:00,0.2717280089855194,-0.03038774795744703,0,0.3005733333333333,0.40699992535391855,9,1,15,629,0.303493799682035
2021-11-02 00:00:00+00:00,0.2731209993362427,0.005126414299077675,0,0.13,0.2843384502414583,2,0,8,633,0.3647834123222749
2021-11-03 00:00:00+00:00,0.2694070041179657,-0.013598351014030396,1,0.25307142857142856,0.3234283161912168,3,0,7,632,0.4010268987341772
2021-11-04 00:00:00+00:00,0.2632800042629242,-0.02274254106756135,0,0.26547272727272725,0.3206912411990982,5,0,11,541,0.39099075785582255
2021-11-05 00:00:00+00:00,0.26146501302719116,-0.006893767875818191,0,0.4939,0.0,1,0,1,506,0.34812351778656125
2021-11-06 00:00:00+00:00,0.261898010969162,0.001656045437810727,0,0.1562909090909091,0.49586357287976995,5,2,11,447,0.31750805369127516
2021-11-07 00:00:00+00:00,0.2663150131702423,0.01686535222140506,0,0.29495,0.27344117152637104,5,0,8,434,0.3314283410138249
2021-11-08 00:00:00+00:00,0.2823590040206909,0.06024441002953318,0,0.1190125,0.25821625177081986,3,1,8,649,0.33248659476117104
2021-11-09 00:00:00+00:00,0.27352601289749146,-0.031282838504955834,0,0.11005,0.17855837980895772,2,0,6,564,0.36445957446808513
2021-11-10 00:00:00+00:00,0.2557089924812317,-0.06513830340128202,0,0.032428571428571425,0.5580423093705521,3,3,7,656,0.28596204268292685
2021-11-11 00:00:00+00:00,0.2611669898033142,0.021344565434018303,0,0.418,0.5911412690719537,1,0,2,537,0.3029270018621974
2021-11-12 00:00:00+00:00,0.2594139873981476,-0.0067121898004293135,0,0.117175,0.24920007189672586,2,1,4,517,0.32125764023210834
2021-11-13 00:00:00+00:00,0.26170599460601807,0.008835326232246477,0,0.113025,0.45327744016568694,9,4,20,414,0.37269830917874397
2021-11-14 00:00:00+00:00,0.26291200518608093,0.0046082650184549045,0,0.1373,0.2546075882608372,3,1,6,394,0.3143121827411168
2021-11-15 00:00:00+00:00,0.2565290033817291,-0.024278091827089177,0,0.12601875,0.3399041457406289,6,2,16,413,0.2787283292978208
2021-11-16 00:00:00+00:00,0.2372490018606186,-0.07515719964194789,0,0.33202,0.3248298200596737,3,0,5,540,0.2890425925925926
2021-11-17 00:00:00+00:00,0.23748700320720673,0.0010031711186206937,0,0.566825,0.398618233192278,3,0,4,504,0.30572916666666666
2021-11-18 00:00:00+00:00,0.2213830053806305,-0.0678100174287245,0,0.05272941176470587,0.3909094360665682,5,2,17,484,0.27180785123966944
2021-11-19 00:00:00+00:00,0.2331099957227707,0.05297150213485291,0,0.072075,0.38032566498642767,6,4,20,435,0.2884519540229885
2021-11-20 00:00:00+00:00,0.233024001121521,-0.000368901389162124,0,0.19521000000000002,0.44125340527486767,5,2,10,316,0.32525474683544303
2021-11-21 00:00:00+00:00,0.22632800042629242,-0.028735240417302133,0,0.18418571428571426,0.2833895459643929,4,1,7,325,0.32327876923076926
2021-11-22 00:00:00+00:00,0.21967600286006927,-0.02939096158537169,0,0.22548,0.2685366750247223,12,2,25,457,0.25983588621444204
2021-11-23 00:00:00+00:00,0.22651199996471405,0.031118542834190244,0,0.2664333333333333,0.2739527245604936,10,0,18,453,0.33569514348785867
2021-11-24 00:00:00+00:00,0.2218250036239624,-0.020692044313245117,0,0.09594,0.40130439873547913,4,2,10,452,0.35665641592920355
2021-11-25 00:00:00+00:00,0.21632599830627441,-0.024789835356026413,0,0.2794142857142857,0.46943328985743404,8,3,14,423,0.394113475177305
2021-11-26 00:00:00+00:00,0.20088699460029602,-0.07136915501076224,0,0.249425,0.2409392229726548,3,0,4,480,0.30300125
2021-11-27 00:00:00+00:00,0.2053470015525818,0.02220157139171608,0,0.12257,0.24728269495098565,4,2,10,317,0.3245334384858044
2021-11-28 00:00:00+00:00,0.20747199654579163,0.010348312744492105,0,0.4939,0.0,1,0,1,448,0.30233660714285715
2021-11-29 00:00:00+00:00,0.21517500281333923,0.03712793242362933,0,0.213125,0.36208505812610087,6,1,12,411,0.35002798053527984
2021-11-30 00:00:00+00:00,0.21471500396728516,-0.002137789427395176,0,0.14785,0.41522115355992684,6,1,12,368,0.33203315217391305
2021-12-01 00:00:00+00:00,0.20948700606822968,-0.024348544826667262,0,0.09213333333333334,0.3663779552055583,3,2,12,386,0.3454953367875648
2021-12-02 00:00:00+00:00,0.2097260057926178,0.0011408809017503518,0,0.09972727272727272,0.34316772019206315,4,1,11,436,0.311059633027523
2021-12-03 00:00:00+00:00,0.19999299943447113,-0.046408199695420205,0,0.3522266666666667,0.3403512418216273,9,1,15,380,0.3163507894736842
2021-12-04 00:00:00+00:00,0.17885300517082214,-0.10570367124563096,0,0.198825,0.3695559526551523,2,0,8,918,0.2541289760348584
2021-12-05 00:00:00+00:00,0.17125500738620758,-0.042481801059801816,0,0.31756666666666666,0.27558019401497874,2,0,3,495,0.3052810101010101
2021-12-06 00:00:00+00:00,0.17839999496936798,0.04172133528946875,0,0.214175,0.41360037562154817,5,2,8,486,0.3750493827160494
2021-12-07 00:00:00+00:00,0.17680500447750092,-0.008940529915042461,0,0.3226076923076923,0.25728793358653795,10,1,13,426,0.2941009389671362
2021-12-08 00:00:00+00:00,0.1791509985923767,0.013268821896805116,0,-0.06338125,0.25597841372206886,2,4,16,432,0.2956912037037037
2021-12-09 00:00:00+00:00,0.1694840043783188,-0.05396003533339655,0,0.17985555555555555,0.4750496082282121,4,2,9,510,0.23837019607843135
2021-12-10 00:00:00+00:00,0.16442200541496277,-0.029867119212363735,0,0.1652761904761905,0.3477099278202478,8,2,21,370,0.32706864864864865
2021-12-11 00:00:00+00:00,0.16901899874210358,0.027958504188895228,0,0.1752923076923077,0.3585474456319983,5,3,13,384,0.3258536458333333
2021-12-12 00:00:00+00:00,0.16989099979400635,0.005159189549059473,0,0.14324705882352942,0.2651727623589173,5,1,17,431,0.3445032482598608
2021-12-13 00:00:00+00:00,0.15756499767303467,-0.07255241381778321,0,0.19536153846153845,0.44750017232484873,9,3,13,558,0.28029175627240144
2021-12-14 00:00:00+00:00,0.18015700578689575,0.14338214989056186,1,0.16111176470588237,0.38637169746623673,8,4,17,1216,0.32550222039473686
2021-12-15 00:00:00+00:00,0.18108199536800385,0.005134352544703402,0,0.31534,0.3047802421417766,6,0,10,494,0.3468214574898786
2021-12-16 00:00:00+00:00,0.17345400154590607,-0.04212452931389332,0,0.11305454545454546,0.3328594766096215,8,3,22,389,0.3080550128534704
2021-12-17 00:00:00+00:00,0.1690099984407425,-0.025620643314979596,0,0.23348999999999998,0.4292633520863905,5,2,10,367,0.325124795640327
2021-12-18 00:00:00+00:00,0.17239999771118164,0.020057980603009895,0,0.2084125,0.30323483721366845,6,0,16,300,0.3280403333333333
2021-12-19 00:00:00+00:00,0.1695760041475296,-0.016380473324500988,0,0.2011846153846154,0.3152084227040733,6,1,13,302,0.3094635761589404
2021-12-20 00:00:00+00:00,0.16732199490070343,-0.013292029483518264,0,0.18046363636363638,0.29087018160247113,5,1,11,315,0.34480253968253965
2021-12-21 00:00:00+00:00,0.1711750030517578,0.023027505459404463,0,0.16936,0.3146166739948084,3,0,10,316,0.31322658227848105
2021-12-22 00:00:00+00:00,0.17321400344371796,0.011911788261184553,0,0.23116,0.3222778610365374,9,3,15,341,0.3608513196480938
2021-12-23 00:00:00+00:00,0.18448999524116516,0.06509861543100404,0,0.44652000000000003,0.31581252666732523,4,0,5,352,0.3275357954545455
2021-12-24 00:00:00+00:00,0.1866219937801361,0.011556174285678678,0,0.20153636363636362,0.4160480916257813,7,2,11,492,0.40920142276422766
2021-12-25 00:00:00+00:00,0.19065700471401215,0.021621304392609675,0,0.2158,0.3737765642733637,1,0,3,401,0.394388029925187
2021-12-26 00:00:00+00:00,0.19001999497413635,-0.0033411294844966077,0,0.22695714285714286,0.2882024280324674,3,0,7,340,0.30044382352941174
2021-12-27 00:00:00+00:00,0.18770499527454376,-0.012182926854132803,0,0.2226,0.2677936767986379,5,0,10,299,0.32230367892976586
2021-12-28 00:00:00+00:00,0.17411699891090393,-0.07239016917885199,0,0.6249,0.0,1,0,1,328,0.25760274390243904
2021-12-29 00:00:00+00:00,0.16776500642299652,-0.03648117373742321,0,0.09278333333333333,0.29689514254474875,2,1,6,281,0.29833487544483983
2021-12-30 00:00:00+00:00,0.17131300270557404,0.021148607556642274,0,0.08402000000000001,0.2575307308523263,4,1,10,302,0.33790264900662254
2021-12-31 00:00:00+00:00,0.17049600183963776,-0.00476905344622558,0,0.4939,0.0,1,0,1,266,0.3657045112781955
2022-01-01 00:00:00+00:00,0.17303499579429626,0.01489180935190837,0,0.07694999999999999,0.589656344831462,1,1,2,312,0.33973557692307693
2022-01-02 00:00:00+00:00,0.17440299689769745,0.007905921557206153,0,0.21960000000000002,0.3803583573421255,1,0,3,260,0.3035576923076923
2022-01-03 00:00:00+00:00,0.170087993144989,-0.024741568834620198,0,-0.12206666666666666,0.3290724155359526,1,3,6,253,0.33671027667984194
2022-01-04 00:00:00+00:00,0.16880300641059875,-0.007554835062901222,0,0.11102000000000001,0.24824826686202667,1,0,5,281,0.3382797153024911
2022-01-05 00:00:00+00:00,0.15941999852657318,-0.055585549591469996,0,0.5955,0.21934452352406708,2,0,2,292,0.3111013698630137
2022-01-06 00:00:00+00:00,0.16021299362182617,0.004974251051199197,0,0.19037500000000002,0.2223298506723737,2,0,4,362,0.30113397790055246
2022-01-07 00:00:00+00:00,0.155022993683815,-0.0323943758910209,0,0.0035333333333333328,0.22180646218419037,1,1,6,311,0.34690000000000004
2022-01-08 00:00:00+00:00,0.15195399522781372,-0.01979705321818781,0,0.6369,0.0,1,0,1,342,0.2779640350877193
2022-01-09 00:00:00+00:00,0.15106500685214996,-0.005850378427569192,0,0.0,0.0,0,0,2,271,0.35234464944649446
2022-01-10 00:00:00+00:00,0.1433590054512024,-0.05101116109894044,0,-0.21030000000000001,0.8657815428848088,1,1,2,420,0.28868499999999997
2022-01-11 00:00:00+00:00,0.1533990055322647,0.07003396856348743,0,0.218,0.2519893053286191,2,0,3,477,0.3229012578616352
2022-01-12 00:00:00+00:00,0.16165199875831604,0.0538008261358347,0,0.31532,0.4342078212100744,4,1,5,363,0.3144614325068871
2022-01-13 00:00:00+00:00,0.17204299569129944,0.06428003991784137,0,0.0,0.3281499758748531,1,1,4,511,0.2940052837573386
2022-01-14 00:00:00+00:00,0.18354900181293488,0.06687866643685347,1,0.2516,0.2326002579534253,2,0,3,1201,0.33959192339716904
2022-01-15 00:00:00+00:00,0.18510299921035767,0.00846638980366965,0,0.15398,0.21118617852501614,2,0,5,493,0.3830651115618661
2022-01-16 00:00:00+00:00,0.17717599868774414,-0.04282480865480198,0,0.20601176470588237,0.24050063638780916,8,0,17,287,0.3572205574912892
2022-01-17 00:00:00+00:00,0.1711450070142746,-0.03403955229905942,0,0.36375714285714283,0.2501332035612416,5,0,7,341,0.3171964809384164
2022-01-18 00:00:00+00:00,0.16548499464988708,-0.03307144311791366,0,0.14695333333333332,0.38105785624957766,8,2,15,341,0.3366885630498534
2022-01-19 00:00:00+00:00,0.16235600411891937,-0.018908001523568085,0,0.2083941176470588,0.2650033312776187,9,1,17,362,0.2715900552486188
2022-01-20 00:00:00+00:00,0.15520399808883667,-0.04405137998373099,0,0.1643,0.19157546815811258,2,0,4,418,0.3209045454545455
2022-01-21 00:00:00+00:00,0.14263999462127686,-0.08095154520676939,1,0.12335454545454545,0.4607519622609031,6,4,11,490,0.2943426530612245
2022-01-22 00:00:00+00:00,0.13289199769496918,-0.06833985764083605,0,0.0,0.0,0,0,0,854,0.27222213114754096
2022-01-23 00:00:00+00:00,0.14186300337314606,0.06750598857553691,0,0.0,0.0,0,0,0,377,0.2882180371352785
2022-01-24 00:00:00+00:00,0.1377979964017868,-0.028654454471592983,0,0.0,0.0,0,0,0,385,0.30693194805194807
2022-01-25 00:00:00+00:00,0.14304900169372559,0.03810654312148398,1,0.2937,0.3808135272019627,4,0,9,521,0.38136218809980804
2022-01-26 00:00:00+00:00,0.14378899335861206,0.005172994261580577,0,0.2016,0.4015271696909189,3,1,6,445,0.3071696629213483
2022-01-27 00:00:00+00:00,0.1412470042705536,-0.017678606885568104,0,0.08324444444444445,0.2932249678913305,7,3,27,326,0.33636533742331287
2022-01-28 00:00:00+00:00,0.14165599644184113,0.0028955812082507304,0,0.19498,0.24988315402737069,5,1,10,284,0.33515563380281693
2022-01-29 00:00:00+00:00,0.1430560052394867,0.009883159434202815,0,0.2021375,0.33729973502806077,3,1,8,266,0.34869962406015037
2022-01-30 00:00:00+00:00,0.13947099447250366,-0.025060190664358717,0,-0.0020411764705882325,0.28401986739228197,3,4,17,192,0.3666640625
2022-01-31 00:00:00+00:00,0.1418049931526184,0.01673465288565712,0,0.06455555555555556,0.3254702141176329,2,1,9,288,0.341865625
2022-02-01 00:00:00+00:00,0.14263099431991577,0.005824908904359827,0,0.14304444444444445,0.2910237924599598,4,1,9,257,0.2753887159533074
2022-02-02 00:00:00+00:00,0.13723500072956085,-0.037831844446459595,0,0.3229181818181818,0.36154340491338466,6,0,11,274,0.35576496350364967
2022-02-03 00:00:00+00:00,0.1375409960746765,0.0022297179545229806,0,0.09555833333333334,0.24352781606414017,4,2,12,290,0.3189034482758621
2022-02-04 00:00:00+00:00,0.14750300347805023,0.07242936788072218,0,0.03639999999999999,0.5322343562755039,1,1,3,316,0.33736803797468357
2022-02-05 00:00:00+00:00,0.1471409946680069,-0.00245424704248276,0,0.12454000000000001,0.20859131333782815,3,0,10,285,0.3349954385964912
2022-02-06 00:00:00+00:00,0.15376999974250793,0.04505206104837067,0,0.10210000000000001,0.3718693117212013,4,2,9,286,0.3397695804195804
2022-02-07 00:00:00+00:00,0.1655779927968979,0.07678996601523558,0,0.005858823529411772,0.48016372475805524,8,4,17,442,0.37194253393665155
2022-02-08 00:00:00+00:00,0.15840500593185425,-0.04332089514964832,0,0.28906,0.2642494049189137,3,0,5,298,0.3729479865771812
2022-02-09 00:00:00+00:00,0.1591230034828186,0.004532669575311621,0,0.1108875,0.5404154313052665,4,2,8,243,0.37562880658436215
2022-02-10 00:00:00+00:00,0.15188899636268616,-0.045461730622207264,0,0.156,0.2681986577147619,2,0,7,230,0.3422995652173913
2022-02-11 00:00:00+00:00,0.14484700560569763,-0.0463627446729149,0,0.10674444444444445,0.3252038710990043,4,1,9,224,0.26364910714285716
2022-02-12 00:00:00+00:00,0.14440500736236572,-0.0030514834703253557,0,-0.064,0.09050966799187808,0,1,2,179,0.37323351955307266
2022-02-13 00:00:00+00:00,0.14894799888134003,0.031460069162104976,0,0.28491818181818185,0.289749605066795,6,0,11,301,0.36916146179401993
2022-02-14 00:00:00+00:00,0.14600299298763275,-0.019772040684168046,0,0.263675,0.3088525249093119,4,0,8,298,0.33566409395973157
2022-02-15 00:00:00+00:00,0.151760995388031,0.03943756413874322,0,0.13396666666666665,0.2320370731873106,1,0,3,217,0.3609658986175115
2022-02-16 00:00:00+00:00,0.14909499883651733,-0.017567073441348335,0,-0.1503857142857143,0.31090412471034334,1,4,7,214,0.29983644859813086
2022-02-17 00:00:00+00:00,0.1385519951581955,-0.07071332882119163,0,0.10311999999999996,0.39077055544142525,3,1,5,295,0.34442101694915256
2022-02-18 00:00:00+00:00,0.1387680023908615,0.001559033721740155,0,0.2817,0.34163861023016706,4,0,8,172,0.31404302325581396
2022-02-19 00:00:00+00:00,0.14120599627494812,0.017568847587930314,0,0.11125714285714285,0.2820548793143897,4,2,14,227,0.2953044052863436
2022-02-20 00:00:00+00:00,0.13686800003051758,-0.030721048389360517,0,0.06471818181818181,0.29785962068794025,3,2,11,175,0.37055428571428567
2022-02-21 00:00:00+00:00,0.12849000096321106,-0.061212256082053274,0,0.231,0.3574935364051056,10,3,15,197,0.3219928934010152
2022-02-22 00:00:00+00:00,0.13155299425125122,0.023838378590386622,0,0.1139030303030303,0.3072410916984092,11,5,33,271,0.3005284132841329
2022-02-23 00:00:00+00:00,0.12784600257873535,-0.028178694780872426,0,0.26005,0.3261198399361805,7,2,12,178,0.2818112359550562
2022-02-24 00:00:00+00:00,0.12381300330162048,-0.03154575970907736,0,0.0,0.0,0,0,0,339,0.2603557522123894
2022-02-25 00:00:00+00:00,0.12757599353790283,0.030392528538503605,0,0.2861333333333333,0.33361701452556697,11,1,15,207,0.2396961352657005
2022-02-26 00:00:00+00:00,0.12764699757099152,0.0005565626503829524,0,0.31105,0.2081593700349166,3,0,4,201,0.31551840796019903
2022-02-27 00:00:00+00:00,0.12311100214719772,-0.0355354650725026,0,0.0,0.0,0,0,0,249,0.24296265060240965
2022-02-28 00:00:00+00:00,0.13315600156784058,0.08159302779968058,0,0.5095,0.0,1,0,1,215,0.29859953488372093
2022-03-01 00:00:00+00:00,0.1339379996061325,0.005872796036861416,0,-0.014533333333333323,0.564240394985447,1,1,3,209,0.3088157894736842
2022-03-02 00:00:00+00:00,0.1329900026321411,-0.00707787914392588,0,0.13799999999999998,0.4226798578383198,9,3,19,231,0.3836809523809524
2022-03-03 00:00:00+00:00,0.12961000204086304,-0.025415448713294486,0,0.10354,0.304115325399522,7,3,15,228,0.3570035087719298
2022-03-04 00:00:00+00:00,0.12259099632501602,-0.054154815255956,0,0.10438333333333334,0.4894792106582941,2,1,6,216,0.2963953703703704
2022-03-05 00:00:00+00:00,0.12499599903821945,0.019618102350903666,0,0.274195,0.33958893955548825,10,1,20,148,0.3359716216216216
2022-03-06 00:00:00+00:00,0.12076599895954132,-0.03384108380448836,0,0.13177,0.42640275759451945,11,3,20,124,0.3259887096774194
2022-03-07 00:00:00+00:00,0.11710499972105026,-0.030314817664180094,0,0.238175,0.2753938558380222,2,0,4,213,0.3048591549295775
2022-03-08 00:00:00+00:00,0.11702899634838104,-0.0006490190243820804,0,-0.28595,0.4043943681605865,0,1,2,183,0.34302459016393444
2022-03-09 00:00:00+00:00,0.12158799916505814,0.038956181450155336,0,0.20012222222222223,0.40862750390110114,6,2,9,157,0.31385095541401276
2022-03-10 00:00:00+00:00,0.1168849989771843,-0.038679805738800144,0,0.0,0.0,0,0,1,182,0.3875620879120879
2022-03-11 00:00:00+00:00,0.11560200154781342,-0.010976579035786416,0,0.1591,0.2250013777735594,1,0,2,179,0.3169050279329609
2022-03-12 00:00:00+00:00,0.11513599753379822,-0.004031106795520767,0,-0.33113333333333334,0.2964658552571161,0,2,3,158,0.40216772151898733
2022-03-13 00:00:00+00:00,0.11160799860954285,-0.03064201465940075,0,-0.025259999999999998,0.088205203928113,1,1,5,152,0.270916447368421
2022-03-14 00:00:00+00:00,0.11404799669981003,0.02186221525935106,0,0.159585,0.38841103604435934,9,5,20,185,0.3543897297297297
2022-03-15 00:00:00+00:00,0.1127839982509613,-0.011083039469564238,0,0.20332307692307694,0.4314043832914507,5,2,13,187,0.3189850267379679
2022-03-16 00:00:00+00:00,0.116907998919487,0.03656547677401156,0,0.33371666666666666,0.41859283518314866,3,0,6,179,0.4034972067039106
2022-03-17 00:00:00+00:00,0.11650200188159943,-0.0034727909265402923,0,0.41918,0.3856008389513695,3,0,5,154,0.3653396103896104
2022-03-18 00:00:00+00:00,0.11930599808692932,0.024068223378509668,0,0.047657142857142856,0.483913786595446,2,3,7,164,0.3622408536585366
2022-03-19 00:00:00+00:00,0.12356899678707123,0.03573163770890875,0,0.20733333333333334,0.3312595819997765,2,0,6,195,0.39571333333333336
2022-03-20 00:00:00+00:00,0.11915399879217148,-0.03572901059079958,0,0.63495,0.05027529214236349,2,0,2,158,0.35681898734177214
2022-03-21 00:00:00+00:00,0.1193389967083931,0.0015525951130208604,0,0.16056,0.49559500759748937,5,3,10,173,0.34075549132947974
2022-03-22 00:00:00+00:00,0.12248100340366364,0.02632841553836829,0,0.18765,0.3753,1,0,4,166,0.33779698795180724
2022-03-23 00:00:00+00:00,0.12972700595855713,0.059160215490827284,0,0.0,0.0,0,0,0,259,0.3280718146718147
2022-03-24 00:00:00+00:00,0.13654999434947968,0.05259497311687156,0,0.13779999999999998,0.5151615604189945,4,3,10,346,0.33088757225433524
2022-03-25 00:00:00+00:00,0.13101300597190857,-0.04054916592233604,0,0.30366428571428566,0.25036310740492607,9,0,14,172,0.41329302325581396
2022-03-26 00:00:00+00:00,0.13586799800395966,0.03705732874407963,0,-0.07011428571428573,0.3324899769345006,1,2,7,169,0.3707739644970414
2022-03-27 00:00:00+00:00,0.14473199844360352,0.0652397957566544,0,0.15016428571428572,0.3950366674454077,6,2,14,241,0.3423020746887967
2022-03-28 00:00:00+00:00,0.14265699684619904,-0.014336854460093917,0,0.233325,0.3173187302869295,7,1,12,325,0.3151532307692308
2022-03-29 00:00:00+00:00,0.1444700062274933,0.012708871078008777,0,0.2730714285714286,0.33556912489443597,7,0,14,190,0.38261421052631583
2022-03-30 00:00:00+00:00,0.14320999383926392,-0.00872161925600845,0,0.24393333333333334,0.38246656150135094,3,1,6,183,0.38050218579234973
2022-03-31 00:00:00+00:00,0.13782599568367004,-0.03759512874245885,0,0.13836666666666667,0.560508700497444,1,1,3,161,0.32340124223602484
2022-04-01 00:00:00+00:00,0.14131499826908112,0.025314546563616425,0,0.23442,0.34143042043731253,2,0,5,252,0.38579206349206346
2022-04-02 00:00:00+00:00,0.13891300559043884,-0.01699743628109862,0,0.3197,0.0,1,0,1,284,0.3901672535211268
2022-04-03 00:00:00+00:00,0.14645299315452576,0.054278485531565446,0,0.037222222222222226,0.3905833027796457,8,8,27,212,0.37323443396226413
2022-04-04 00:00:00+00:00,0.14859099686145782,0.014598566139759406,0,0.17578,0.24103110172755715,2,0,5,265,0.3742954716981132
2022-04-05 00:00:00+00:00,0.1729069948196411,0.16364381740338452,0,0.07911000000000001,0.4563438578041295,4,3,10,545,0.3846176146788991
2022-04-06 00:00:00+00:00,0.14341700077056885,-0.17055408359756186,0,0.2507333333333333,0.32225582177311657,4,0,6,274,0.34982116788321166
2022-04-07 00:00:00+00:00,0.14610199630260468,0.01872159867804757,0,0.20261111111111113,0.325295682589104,3,0,9,194,0.38182319587628866
2022-04-08 00:00:00+00:00,0.14254899322986603,-0.02431864835973707,0,0.1507769230769231,0.35036763347909805,6,2,13,225,0.3324626666666667
2022-04-09 00:00:00+00:00,0.14430299401283264,0.012304546971708241,0,-0.0034625000000000055,0.2901417926347966,5,3,16,125,0.32589280000000004
2022-04-10 00:00:00+00:00,0.14953500032424927,0.0362570877146966,0,0.05793846153846154,0.39871959139739116,5,4,13,194,0.39255618556701033
2022-04-11 00:00:00+00:00,0.1346540004014969,-0.09951516294168361,0,0.0,0.0,0,0,0,175,0.29153885714285716
2022-04-12 00:00:00+00:00,0.13807600736618042,0.02541333309430205,0,0.0,0.0,0,0,0,161,0.37577453416149065
2022-04-13 00:00:00+00:00,0.14008000493049622,0.014513727638438612,0,0.0,0.0,0,0,0,177,0.3800610169491525
2022-04-14 00:00:00+00:00,0.14392000436782837,0.027412901928704603,0,0.1487846153846154,0.3355206820405012,5,1,13,222,0.3800238738738739
2022-04-15 00:00:00+00:00,0.14602600038051605,0.014633101367237389,0,0.42415,0.30036587134138043,3,0,4,229,0.406314847161572
2022-04-16 00:00:00+00:00,0.14371199905872345,-0.015846502100740678,0,0.2859333333333333,0.3098850559139435,6,0,12,172,0.37771686046511627
2022-04-17 00:00:00+00:00,0.13945899903774261,-0.02959391038213155,0,0.31777500000000003,0.3674643962345196,2,0,4,177,0.38316158192090394
2022-04-18 00:00:00+00:00,0.14028599858283997,0.005930055075711094,0,0.3947866666666667,0.3160637297098407,11,0,15,232,0.39962499999999995
2022-04-19 00:00:00+00:00,0.14266499876976013,0.016958215438124036,0,0.0129,0.018243354954612927,0,0,2,189,0.3475862433862434
2022-04-20 00:00:00+00:00,0.14087800681591034,-0.012525790973676232,0,0.22809999999999997,0.23782665115583662,6,0,11,265,0.4361298113207547
2022-04-21 00:00:00+00:00,0.13636499643325806,-0.03203488241106056,0,0.032811428571428575,0.42716867433852684,15,10,35,216,0.3796199074074074
2022-04-22 00:00:00+00:00,0.13639500737190247,0.00022007802170187496,0,0.1924,0.48896026423422184,4,2,7,180,0.34808555555555554
2022-04-23 00:00:00+00:00,0.1342409998178482,-0.015792422285524133,0,-0.01767333333333334,0.4996895843087653,7,6,15,159,0.3201333333333333
2022-04-24 00:00:00+00:00,0.13194699585437775,-0.017088698434779226,0,0.11776666666666667,0.43172922339509673,10,5,21,148,0.3575878378378379
2022-04-25 00:00:00+00:00,0.1579589992761612,0.19713979278839644,0,0.2112,0.5256344411416415,4,2,8,542,0.3689328413284133
2022-04-26 00:00:00+00:00,0.1377670019865036,-0.1278306230236097,1,0.19665714285714284,0.2404634889620658,3,0,7,337,0.38210148367952523
2022-04-27 00:00:00+00:00,0.1396999955177307,0.014030889134224456,0,0.1879266666666667,0.3123709549939135,8,3,15,191,0.38518272251308905
2022-04-28 00:00:00+00:00,0.137363001704216,-0.016728660619163005,0,0.2844947368421053,0.4062783958946872,11,2,19,180,0.39038055555555556
2022-04-29 00:00:00+00:00,0.13502700626850128,-0.017006001665170523,0,0.14404444444444445,0.41861768353393797,9,5,18,183,0.30670000000000003
2022-04-30 00:00:00+00:00,0.12755699455738068,-0.05532235304296451,0,-0.0029142857142857186,0.46553117485503026,2,1,7,137,0.3223912408759124
2022-05-01 00:00:00+00:00,0.1327729970216751,0.040891544069330044,0,0.15674999999999997,0.4380045630729516,6,4,12,150,0.3346153333333334
2022-05-02 00:00:00+00:00,0.13093799352645874,-0.013820607626389592,0,0.16008333333333333,0.3536893988831909,8,2,18,146,0.31368835616438356
2022-05-03 00:00:00+00:00,0.1295199990272522,-0.010829511442910666,0,0.25568,0.28026867208399187,20,3,30,124,0.3348306451612903
2022-05-04 00:00:00+00:00,0.1358090043067932,0.04855624866255415,0,0.42707999999999996,0.3221273378305197,7,0,10,129,0.34950542635658916
2022-05-05 00:00:00+00:00,0.12842999398708344,-0.05433373403607733,0,0.0,0.0,0,0,0,193,0.3401015544041451
2022-05-06 00:00:00+00:00,0.12790100276470184,-0.004118907164589514,0,0.22992352941176472,0.3663933806877039,7,1,17,128,0.4147203125
2022-05-07 00:00:00+00:00,0.1275320053100586,-0.0028850239377880005,0,-0.047560000000000005,0.30061374386411543,1,2,5,139,0.4255410071942446
2022-05-08 00:00:00+00:00,0.12420699745416641,-0.026071948353735608,0,0.3057,0.4323250860174552,1,0,2,140,0.3751771428571429
2022-05-09 00:00:00+00:00,0.104823999106884,-0.1560539965104214,0,0.019820000000000008,0.45949410315403755,9,10,25,283,0.29014664310954064
2022-05-10 00:00:00+00:00,0.10847699642181396,0.034848864249160894,0,0.435225,0.16427167284714672,4,0,4,280,0.3137167857142857
2022-05-11 00:00:00+00:00,0.08458100259304047,-0.22028627835392556,0,0.156925,0.22045272087877968,3,0,8,477,0.2747356394129979
2022-05-12 00:00:00+00:00,0.08267100155353546,-0.02258191533499465,0,0.2530133333333333,0.3017227319119011,8,1,15,470,0.2647987234042553
2022-05-13 00:00:00+00:00,0.08833099901676178,0.0684641211170165,0,-0.09523125,0.3366882370358866,3,6,16,243,0.3097703703703704
2022-05-14 00:00:00+00:00,0.08979599922895432,0.016585346350656893,0,0.13558333333333333,0.28930564389281327,9,1,18,182,0.3832846153846154
2022-05-15 00:00:00+00:00,0.09284300357103348,0.03393251779859563,0,0.12232916666666666,0.42561157069835265,12,6,24,152,0.28876842105263156
2022-05-16 00:00:00+00:00,0.08784099668264389,-0.0538759701431093,0,0.23969285714285715,0.31206040949762304,6,0,14,201,0.40779402985074625
2022-05-17 00:00:00+00:00,0.09021300077438354,0.027003383173227702,0,0.263275,0.36947660554554,6,1,12,183,0.23302131147540983
2022-05-18 00:00:00+00:00,0.08364900201559067,-0.07276111760442361,0,-0.050531818181818185,0.40422087831185,8,7,22,193,0.31062331606217614
2022-05-19 00:00:00+00:00,0.08672299981117249,0.036748768323725756,0,0.24540967741935482,0.36173358184796606,16,2,31,171,0.32192865497076023
2022-05-20 00:00:00+00:00,0.08397699892520905,-0.03166404404762846,0,0.18476341463414636,0.41687332533762433,21,9,41,191,0.2933848167539267
2022-05-21 00:00:00+00:00,0.08446300029754639,0.005787315319164765,0,0.032185,0.3799571240007843,6,4,20,135,0.3422096296296296
2022-05-22 00:00:00+00:00,0.08610499650239944,0.019440420054563923,0,0.75,0.0,1,0,1,120,0.3754808333333333
2022-05-23 00:00:00+00:00,0.08325300365686417,-0.03312226887386038,0,0.27995,0.2719413623291877,8,1,12,170,0.3408541176470588
2022-05-24 00:00:00+00:00,0.08363699913024902,0.0046123918239338035,0,0.1175076923076923,0.4009822329461264,12,6,26,154,0.33628636363636366
2022-05-25 00:00:00+00:00,0.08298499882221222,-0.007795596623707546,0,0.2683090909090909,0.43469514939678233,5,1,11,145,0.3298868965517241
2022-05-26 00:00:00+00:00,0.07825200259685516,-0.057034359131546974,0,0.09807179487179486,0.39764168540661005,17,10,39,185,0.3375513513513514
2022-05-27 00:00:00+00:00,0.08133500069379807,0.03939832840861768,1,0.2384921052631579,0.3712255338241372,23,3,38,194,0.3700974226804124
2022-05-28 00:00:00+00:00,0.08183900266885757,0.006196618562246403,0,0.222421875,0.3521955347067005,16,3,32,135,0.3150192592592593
2022-05-29 00:00:00+00:00,0.08268599957227707,0.01034955065186538,0,0.10816190476190475,0.37803488790876233,9,5,21,116,0.4053991379310345
2022-05-30 00:00:00+00:00,0.0878710001707077,0.06270711638308657,0,0.11776315789473683,0.44902616876293316,7,5,19,124,0.41880645161290325
2022-05-31 00:00:00+00:00,0.08586499840021133,-0.022828939770792367,0,0.2624484848484849,0.3142791873092419,19,3,33,126,0.34024841269841266
2022-06-01 00:00:00+00:00,0.08105599880218506,-0.05600651822773972,0,0.1985230769230769,0.3915575737867212,5,2,13,84,0.23170595238095237
2022-06-02 00:00:00+00:00,0.08277200162410736,0.021170583883743932,0,0.20643333333333336,0.37758808906002317,4,1,9,130,0.4069392307692308
2022-06-03 00:00:00+00:00,0.08044199645519257,-0.028149677707397402,0,0.39240769230769235,0.39904978482544096,8,1,13,151,0.3318688741721854
2022-06-04 00:00:00+00:00,0.08177699893712997,0.016595839744989682,0,0.08038684210526316,0.39792901456541396,15,9,38,102,0.34365294117647055
2022-06-05 00:00:00+00:00,0.08122900128364563,-0.006701122083309086,0,0.151375,0.25191579085444044,5,1,12,95,0.34058
2022-06-06 00:00:00+00:00,0.08252999931573868,0.016016422848165623,0,0.061586666666666665,0.45372262116008827,5,4,15,98,0.27518673469387755
2022-06-07 00:00:00+00:00,0.08051300048828125,-0.024439583717199675,0,0.15799,0.3938259216399494,4,1,10,109,0.3414834862385321
2022-06-08 00:00:00+00:00,0.07943899929523468,-0.013339475445370952,0,-0.017275000000000013,0.4714182670410641,1,1,4,128,0.36863515625
2022-06-09 00:00:00+00:00,0.0793360024690628,-0.0012965524123621508,0,0.34184444444444445,0.4160527554022179,7,1,9,117,0.33573418803418803
2022-06-10 00:00:00+00:00,0.0754539966583252,-0.04893120008474594,0,0.0018000000000000017,0.3847771043084554,6,4,20,153,0.3503222222222222
2022-06-11 00:00:00+00:00,0.06989499926567078,-0.07367399526663865,0,0.29202105263157896,0.4080243042583334,12,2,19,171,0.28211345029239765
2022-06-12 00:00:00+00:00,0.06433600187301636,-0.0795335496252697,0,0.20323333333333332,0.35363235193253084,10,3,21,190,0.30418105263157896
2022-06-13 00:00:00+00:00,0.05392099916934967,-0.16188451878348564,0,0.24145,0.4123277054318163,2,1,4,314,0.29150477707006367
2022-06-14 00:00:00+00:00,0.05559200048446655,0.030989806213879145,0,0.12493749999999999,0.3705336314167306,10,4,24,229,0.27630917030567687
2022-06-15 00:00:00+00:00,0.06300000101327896,0.13325659203219975,1,0.137436,0.35211929664059405,9,4,25,211,0.29953791469194313
2022-06-16 00:00:00+00:00,0.0550290010869503,-0.1265238063194405,0,0.28787931034482755,0.3069238718771787,16,1,29,213,0.28746150234741785
2022-06-17 00:00:00+00:00,0.056995000690221786,0.035726608959611106,0,0.31281111111111115,0.3585500307839387,11,1,18,193,0.30707512953367877
2022-06-18 00:00:00+00:00,0.053011998534202576,-0.0698833600804315,0,0.2746,0.3890218769802423,15,3,27,168,0.34943988095238093
2022-06-19 00:00:00+00:00,0.06039600074291229,0.13928926305137623,1,0.38693571428571427,0.3464380921655364,9,0,14,207,0.3632492753623188
2022-06-20 00:00:00+00:00,0.060176998376846313,-0.0036261070827885433,0,0.24919285714285716,0.35615210550093235,7,1,14,153,0.3122875816993464
2022-06-21 00:00:00+00:00,0.06557100266218185,0.08963564868351659,0,0.1903166666666667,0.37542578716261177,2,1,6,188,0.3565882978723404
2022-06-22 00:00:00+00:00,0.06171099841594696,-0.058867549519128426,0,0.0,0.0,0,0,0,157,0.31592866242038214
2022-06-23 00:00:00+00:00,0.06403200328350067,0.03761087856510725,0,0.0,0.0,0,0,0,130,0.38261
2022-06-24 00:00:00+00:00,0.06712400168180466,0.048288328331915764,0,0.0,0.0,0,0,0,142,0.3749838028169014
2022-06-25 00:00:00+00:00,0.0685029998421669,0.02054403977431596,0,0.0,0.0,0,0,0,120,0.37168416666666665
2022-06-26 00:00:00+00:00,0.07317700237035751,0.06823062550486347,0,0.0,0.0,0,0,0,192,0.330603125
2022-06-27 00:00:00+00:00,0.0722389966249466,-0.01281831333652561,0,0.0,0.0,0,0,0,180,0.34438722222222223
2022-06-28 00:00:00+00:00,0.06595700234174728,-0.08696126159966522,0,0.0,0.0,0,0,0,151,0.3338973509933775
2022-06-29 00:00:00+00:00,0.06946799904108047,0.05323159899143737,0,0.0,0.0,0,0,0,145,0.3738579310344828
2022-06-30 00:00:00+00:00,0.06608600169420242,-0.04868424877011468,0,0.0,0.0,0,0,0,133,0.3561578947368421
2022-07-01 00:00:00+00:00,0.06617499887943268,0.00134668739140964,0,0.0,0.0,0,0,0,93,0.31316021505376346
2022-07-02 00:00:00+00:00,0.06669799983501434,0.007903301313756605,0,0.3815714285714286,0.471965138946673,5,2,7,96,0.43221354166666665
2022-07-03 00:00:00+00:00,0.06717900186777115,0.007211641037911498,0,0.0,0.0,0,0,0,114,0.42679122807017544
2022-07-04 00:00:00+00:00,0.06947200000286102,0.034132661565933864,0,0.2038,0.35299195458253724,1,0,3,117,0.4073666666666667
2022-07-05 00:00:00+00:00,0.06715500354766846,-0.03335151507221823,0,0.1699,0.4097497528980341,6,2,16,118,0.3145186440677966
2022-07-06 00:00:00+00:00,0.06858299672603607,0.021264136742305206,1,0.16707333333333332,0.4016333677562636,7,3,15,128,0.26559765625
2022-07-07 00:00:00+00:00,0.07062099874019623,0.029715849575678854,0,0.13429523809523808,0.4212967344713112,8,4,21,109,0.2900330275229358
2022-07-08 00:00:00+00:00,0.06925699859857559,-0.019314370597314556,0,-0.0050363636363636366,0.4911784345280792,3,4,11,89,0.2872887640449438
2022-07-09 00:00:00+00:00,0.06951200217008591,0.0036819899312754423,0,0.0,0.0,0,0,0,77,0.2807064935064935
2022-07-10 00:00:00+00:00,0.06726299971342087,-0.03235416023785431,0,0.0,0.0,0,0,0,95,0.3212294736842105
2022-07-11 00:00:00+00:00,0.06184700131416321,-0.08051972737363677,0,0.078355,0.3503890476463646,7,4,20,110,0.3694045454545455
2022-07-12 00:00:00+00:00,0.06008699908852577,-0.028457357482817636,0,0.20853000000000002,0.4738607136013038,11,4,20,82,0.28374268292682925
2022-07-13 00:00:00+00:00,0.06195300072431564,0.031054997987846056,0,0.27190588235294116,0.29568068602503494,9,0,17,128,0.27762890625000003
2022-07-14 00:00:00+00:00,0.062394000589847565,0.007118297102255422,0,0.6365000000000001,0.0005656854249492934,2,0,2,140,0.41808142857142855
2022-07-15 00:00:00+00:00,0.06304199993610382,0.010385603425494994,0,0.16328499999999999,0.4099289621064656,8,2,20,102,0.3373245098039216
2022-07-16 00:00:00+00:00,0.06428000330924988,0.019637755375794486,0,0.16903333333333337,0.47966405188075817,3,1,6,71,0.29659295774647887
2022-07-17 00:00:00+00:00,0.06310699880123138,-0.018248357928284387,0,0.0,0.0,0,0,0,108,0.3236305555555556
2022-07-18 00:00:00+00:00,0.06771499663591385,0.07301880809125971,0,0.21166315789473686,0.29482337124780006,10,2,19,84,0.34002261904761905
2022-07-19 00:00:00+00:00,0.06901299953460693,0.01916861793070912,0,0.13096363636363637,0.373085213517575,4,1,11,118,0.3116177966101695
2022-07-20 00:00:00+00:00,0.07011999934911728,0.016040453566363855,0,0.34845,0.38778713662695585,3,1,4,144,0.3508090277777778
2022-07-21 00:00:00+00:00,0.06995999813079834,-0.0022818200200247496,0,0.2736363636363636,0.40608968780979227,7,2,11,139,0.3374460431654676
2022-07-22 00:00:00+00:00,0.067562997341156,-0.03426244788001365,0,0.2284571428571429,0.28761540209767894,3,0,7,117,0.3215495726495726
2022-07-23 00:00:00+00:00,0.06812400370836258,0.008303455875022792,0,-0.00022500000000000298,0.28940290686169684,1,2,4,94,0.2902287234042553
2022-07-24 00:00:00+00:00,0.06772399693727493,-0.005871744896263964,0,0.10593684210526318,0.345696754091608,6,3,19,85,0.2907764705882353
2022-07-25 00:00:00+00:00,0.0623060017824173,-0.08000111334060378,0,0.10398750000000001,0.43891891725455745,11,4,24,112,0.37032499999999996
2022-07-26 00:00:00+00:00,0.06251200288534164,0.003306280246383686,0,0.28508333333333336,0.34470972377736414,3,0,6,104,0.2990673076923077
2022-07-27 00:00:00+00:00,0.06702099740505219,0.07213006001392808,0,0.19254000000000002,0.3586622203211739,7,3,15,99,0.44734141414141415
2022-07-28 00:00:00+00:00,0.06910800188779831,0.031139561682930195,0,0.4019,0.0,1,0,1,115,0.38390869565217395
2022-07-29 00:00:00+00:00,0.06890899688005447,-0.0028796232318644144,0,0.3069909090909091,0.4104964980472926,7,2,11,108,0.36162037037037037
2022-07-30 00:00:00+00:00,0.06964399665594101,0.010666238215104151,0,0.20339285714285715,0.2806738333266671,7,1,14,97,0.337558762886598
2022-07-31 00:00:00+00:00,0.06827200204133987,-0.01970011315374587,0,0.14379000000000003,0.33563568691861917,4,1,10,84,0.3763154761904762
2022-08-01 00:00:00+00:00,0.06872499734163284,0.006635154774261132,0,0.1441076923076923,0.35968941107001945,4,1,13,106,0.36174056603773586
2022-08-02 00:00:00+00:00,0.0666939988732338,-0.029552543426126676,0,0.34681249999999997,0.27088676304474,6,0,8,104,0.28126538461538464
2022-08-03 00:00:00+00:00,0.06619500368833542,-0.007481860337192003,0,0.0,0.0,0,0,0,92,0.24755434782608693
2022-08-04 00:00:00+00:00,0.06735700368881226,0.017554194965345937,0,0.20816250000000003,0.36961164536964625,3,1,8,113,0.2966265486725664
2022-08-05 00:00:00+00:00,0.06976500153541565,0.03574977678235647,0,0.2235,0.38711335549164405,1,0,3,130,0.4422276923076923
2022-08-06 00:00:00+00:00,0.0686739981174469,-0.015638262652583945,1,0.10105384615384615,0.33007570751618137,5,1,13,70,0.37250714285714287
2022-08-07 00:00:00+00:00,0.06893999874591827,0.0038733820042988754,0,0.09878,0.22087879481742922,1,0,5,99,0.3919919191919192
2022-08-08 00:00:00+00:00,0.07005500048398972,0.016173509694725086,0,0.27936666666666665,0.4838772606078253,1,0,3,81,0.23896543209876545
2022-08-09 00:00:00+00:00,0.06912499666213989,-0.013275338168934336,0,-0.06029999999999999,0.5065454438317126,1,1,4,107,0.31669906542056075
2022-08-10 00:00:00+00:00,0.07119499891996384,0.02994578456099517,0,0.17758000000000002,0.23908925715909718,4,0,10,79,0.37641898734177215
2022-08-11 00:00:00+00:00,0.07092999666929245,-0.0037222031700470115,0,-0.017600000000000005,0.37296941305812614,4,4,14,99,0.35487474747474745
2022-08-12 00:00:00+00:00,0.07234500348567963,0.01994934277220639,0,0.032766666666666666,0.25449119172707463,1,1,6,88,0.32889545454545455
2022-08-13 00:00:00+00:00,0.07283999770879745,0.006842134207869721,0,0.1184,0.34761209990447683,4,1,11,67,0.40669552238805967
2022-08-14 00:00:00+00:00,0.08168700337409973,0.12145807171317013,0,0.1349,0.31709715861230925,2,2,6,138,0.3230608695652174
2022-08-15 00:00:00+00:00,0.07671999931335449,-0.06080531609169193,0,0.8268,0.0,1,0,1,89,0.30414044943820223
2022-08-16 00:00:00+00:00,0.08696399629116058,0.13352446649491734,0,0.5115,0.45584118945088764,2,0,3,162,0.4063444444444444
2022-08-17 00:00:00+00:00,0.08015400171279907,-0.07830820648537407,0,0.08646666666666665,0.356702763444966,10,6,24,136,0.3796419117647059
2022-08-18 00:00:00+00:00,0.07507900148630142,-0.06331561890923365,0,0.1678125,0.39900074986503115,4,2,8,84,0.3371
2022-08-19 00:00:00+00:00,0.06793899834156036,-0.09509986818409932,0,0.1840375,0.3126849895319112,4,2,8,93,0.278452688172043
2022-08-20 00:00:00+00:00,0.06954000145196915,0.023565303426462236,0,0.2950333333333333,0.34444717059853075,2,1,3,61,0.3481229508196721
2022-08-21 00:00:00+00:00,0.06944800168275833,-0.0013229762336769424,0,0.3673666666666667,0.4614038686443797,6,1,9,66,0.370469696969697
2022-08-22 00:00:00+00:00,0.06839100271463394,-0.015220005507902257,0,0.4115125,0.330300635514721,6,0,8,88,0.25608295454545454
2022-08-23 00:00:00+00:00,0.06876999884843826,0.00554160808821158,0,0.12516363636363637,0.2635138526632984,4,2,11,62,0.2636064516129032
2022-08-24 00:00:00+00:00,0.06798999756574631,-0.011342173851289328,0,0.221175,0.38095737200599533,5,1,8,81,0.3190345679012346
2022-08-25 00:00:00+00:00,0.06909400224685669,0.016237751443406223,0,0.071225,0.40241272656316424,1,1,4,77,0.3570792207792208
2022-08-26 00:00:00+00:00,0.063571996986866,-0.07992018236636311,0,0.04995294117647059,0.49258641008158033,9,6,17,93,0.3721731182795699
2022-08-27 00:00:00+00:00,0.0635870024561882,0.00023603897995072565,0,0.00033333333333333365,0.5854000711763993,1,1,3,80,0.34711875000000003
2022-08-28 00:00:00+00:00,0.061785999685525894,-0.028323441915715564,0,0.22842727272727273,0.3641077328560066,11,2,22,43,0.2369511627906977
2022-08-29 00:00:00+00:00,0.06388700008392334,0.034004473652461176,0,0.345275,0.3248749644093863,3,0,4,101,0.32836237623762377
2022-08-30 00:00:00+00:00,0.061524998396635056,-0.03697155421581089,0,0.24760000000000001,0.31957053994384405,3,0,7,82,0.38774756097560975
2022-08-31 00:00:00+00:00,0.061330001801252365,-0.003169388061184497,0,0.197475,0.24191438395983542,2,0,4,73,0.2934219178082192
2022-09-01 00:00:00+00:00,0.06237199902534485,0.016990008046456673,0,0.29954000000000003,0.2868299809991975,3,0,5,62,0.2944725806451613
2022-09-02 00:00:00+00:00,0.06163499876856804,-0.011816203878239118,0,0.0,0.0,0,0,0,57,0.4192491228070176
2022-09-03 00:00:00+00:00,0.0626939982175827,0.017181787461229225,0,0.0,0.0,0,0,2,59,0.4060474576271187
2022-09-04 00:00:00+00:00,0.06322599947452545,0.008485680799881434,0,0.6553333333333333,0.2071348433589417,3,0,3,41,0.4046365853658537
2022-09-05 00:00:00+00:00,0.06273800134658813,-0.007718314174439245,0,0.04995,0.4010174234230838,5,2,10,60,0.4226733333333333
2022-09-06 00:00:00+00:00,0.05898300185799599,-0.059852073830789276,0,0.026949999999999995,0.47145078274996594,4,3,10,74,0.3182837837837838
2022-09-07 00:00:00+00:00,0.061103999614715576,0.03595947459279847,0,0.0,0.0,0,0,1,72,0.2831847222222222
2022-09-08 00:00:00+00:00,0.06097700074315071,-0.00207840521677205,0,0.2663608695652174,0.42712556354727016,15,3,23,80,0.31898499999999996
2022-09-09 00:00:00+00:00,0.06401800364255905,0.049871309876616365,0,0.03209,0.2640416778970067,4,3,10,74,0.3833797297297297
2022-09-10 00:00:00+00:00,0.06477600336074829,0.011840414806145505,0,0.1548375,0.28443869004208466,4,1,8,85,0.37586470588235293
2022-09-11 00:00:00+00:00,0.06371399760246277,-0.01639504914143952,0,0.025419999999999988,0.39027530283121936,1,2,5,65,0.47841846153846157
2022-09-12 00:00:00+00:00,0.06390500068664551,0.002997819809933855,0,0.01745,0.3117926860766767,4,2,12,65,0.31340461538461534
2022-09-13 00:00:00+00:00,0.06012900173664093,-0.059087691251580976,0,0.22601153846153846,0.27051422044236134,15,2,26,72,0.2871888888888889
2022-09-14 00:00:00+00:00,0.06117299944162369,0.017362631589251443,0,0.013360000000000006,0.21756940961449522,1,1,5,89,0.3197337078651685
2022-09-15 00:00:00+00:00,0.05879100039601326,-0.0389387322405782,0,0.14049999999999999,0.24335313846342727,1,0,3,72,0.33796944444444443
2022-09-16 00:00:00+00:00,0.060423001646995544,0.02775937201253953,0,0.60525,0.18363563107414638,2,0,2,70,0.36039571428571426
2022-09-17 00:00:00+00:00,0.062210001051425934,0.029574820113545952,0,0.018720000000000004,0.31718492555605476,1,1,5,59,0.4051881355932203
2022-09-18 00:00:00+00:00,0.05751999840140343,-0.07538985003625887,0,0.43411999999999995,0.28462650438776776,4,0,5,58,0.43491724137931037
2022-09-19 00:00:00+00:00,0.058612000197172165,0.018984732721099906,0,0.09259444444444445,0.29237998940183024,9,3,18,71,0.3457183098591549
2022-09-20 00:00:00+00:00,0.058416999876499176,-0.00332696922160991,0,0.376025,0.290195666749178,6,0,8,70,0.29116571428571425
2022-09-21 00:00:00+00:00,0.05740400031208992,-0.01734083514303819,0,0.12124166666666666,0.39637454176213543,14,5,36,71,0.19766478873239438
2022-09-22 00:00:00+00:00,0.059599000960588455,0.03823776455586558,0,0.12440000000000001,0.2229902496266853,2,0,8,58,0.3043258620689655
2022-09-23 00:00:00+00:00,0.06333599984645844,0.06270237463109796,0,-0.08317500000000001,0.2970344803217297,1,1,4,65,0.31662769230769233
2022-09-24 00:00:00+00:00,0.06323400139808655,-0.0016104340125545624,0,0.0,0.0,0,0,1,82,0.3816548780487805
2022-09-25 00:00:00+00:00,0.06115199998021126,-0.03292534667809732,0,0.0,0.0,0,0,3,67,0.3404716417910448
2022-09-26 00:00:00+00:00,0.06108900159597397,-0.0010301933584784262,0,0.5859,0.0,1,0,1,71,0.3219816901408451
2022-09-27 00:00:00+00:00,0.06060900166630745,-0.007857387043925024,0,0.13619166666666668,0.25623915838114747,3,0,12,75,0.296008
2022-09-28 00:00:00+00:00,0.06062300130724907,0.0002309828665170155,0,0.11603333333333332,0.19540315589399607,5,1,12,42,0.16871666666666668
2022-09-29 00:00:00+00:00,0.06072799861431122,0.0017319714431491828,0,0.25232727272727273,0.25183053464943084,6,0,11,74,0.27938108108108106
2022-09-30 00:00:00+00:00,0.06165299937129021,0.015231866323369925,0,0.24486666666666668,0.3153383963973056,5,0,12,58,0.37128620689655173
2022-10-01 00:00:00+00:00,0.06062699854373932,-0.016641539552229245,0,0.11969285714285714,0.33303581804199545,4,1,14,53,0.306422641509434
2022-10-02 00:00:00+00:00,0.05928799882531166,-0.022085865218309242,0,0.118584,0.316747004300488,9,5,25,57,0.29700526315789477
2022-10-03 00:00:00+00:00,0.06038400158286095,0.018486081150733247,0,0.0431375,0.4316754618400711,14,6,32,73,0.2057972602739726
2022-10-04 00:00:00+00:00,0.06596200168132782,0.09237546290821008,0,0.256,0.6366496210632658,3,1,4,94,0.2709191489361702
2022-10-05 00:00:00+00:00,0.06473500281572342,-0.01860160144217904,0,0.30274,0.2696647789385926,4,1,5,85,0.3515423529411765
2022-10-06 00:00:00+00:00,0.06344400346279144,-0.01994283303898159,1,0.17663125,0.35525506188080624,17,3,32,67,0.343710447761194
2022-10-07 00:00:00+00:00,0.06240899860858917,-0.01631367501594183,0,0.10870555555555556,0.374509981760044,7,3,18,83,0.23125180722891567
2022-10-08 00:00:00+00:00,0.061677999794483185,-0.0117130354660967,0,0.18345555555555557,0.38277717771280173,4,1,9,59,0.39014237288135595
2022-10-09 00:00:00+00:00,0.06215599924325943,0.007749918129138056,0,0.0762608695652174,0.3887943108206217,8,4,23,49,0.39261224489795915
2022-10-10 00:00:00+00:00,0.05951299890875816,-0.04252204721474073,0,0.10565,0.359062487597911,1,1,4,61,0.39751147540983606
2022-10-11 00:00:00+00:00,0.06025800108909607,0.012518310184302717,0,0.10782666666666668,0.25974356438244095,4,2,15,79,0.3438379746835443
2022-10-12 00:00:00+00:00,0.059881001710891724,-0.006256420249435846,0,0.2925153846153846,0.43207793634589015,7,1,13,68,0.3998955882352941
2022-10-13 00:00:00+00:00,0.05967399850487709,-0.0034569095389227478,0,0.10249444444444443,0.257183764633092,7,1,18,86,0.28880581395348837
2022-10-14 00:00:00+00:00,0.058642998337745667,-0.017277209387052572,0,0.031464705882352936,0.38869393637728716,6,2,17,75,0.3058266666666667
2022-10-15 00:00:00+00:00,0.05857999995350838,-0.001074269495472624,0,-0.06486399999999999,0.5383748530531491,8,9,25,60,0.24519
2022-10-16 00:00:00+00:00,0.05891399830579758,0.0057015765202164115,0,0.11778181818181817,0.262305800521096,8,2,22,52,0.4539288461538461
2022-10-17 00:00:00+00:00,0.05993499979376793,0.017330371682987344,0,-0.014754545454545454,0.5222890184446528,9,6,22,68,0.32466911764705886
2022-10-18 00:00:00+00:00,0.059776000678539276,-0.00265285919372249,0,0.22500714285714288,0.34048924633258515,8,1,14,66,0.3003530303030303
2022-10-19 00:00:00+00:00,0.058713000267744064,-0.017783063415563127,0,0.31677692307692307,0.35661821124242044,8,1,13,53,0.3773415094339622
2022-10-20 00:00:00+00:00,0.05953599885106087,0.014017314386315594,0,0.14887222222222224,0.46322721880501583,9,2,18,55,0.3755636363636363
2022-10-21 00:00:00+00:00,0.05933399870991707,-0.0033929075692361588,0,0.14200000000000002,0.4099010075615819,11,6,26,49,0.4071265306122449
2022-10-22 00:00:00+00:00,0.05969399958848953,0.006067362497048423,0,0.29574,0.4126746262021826,6,1,10,52,0.342075
2022-10-23 00:00:00+00:00,0.060346998274326324,0.01093910092033279,0,0.12805454545454545,0.22746806968731398,3,0,11,59,0.3605508474576271
2022-10-24 00:00:00+00:00,0.059505999088287354,-0.013936056640563077,0,0.194785,0.44225920986512685,11,4,20,52,0.27487307692307694
2022-10-25 00:00:00+00:00,0.06288199871778488,0.05673376938833763,0,0.1294846153846154,0.25097184717996374,3,0,13,105,0.3162104761904762
2022-10-26 00:00:00+00:00,0.07280000299215317,0.15772406215776313,0,0.2552333333333333,0.3330540510973871,9,1,15,144,0.3081583333333333
2022-10-27 00:00:00+00:00,0.07701800018548965,0.057939519505117776,0,0.25688,0.41515257074959805,3,1,5,294,0.3797003401360544
2022-10-28 00:00:00+00:00,0.08389700204133987,0.0893168069708754,0,0.15855333333333335,0.3338920695303171,7,3,15,238,0.37863781512605044
2022-10-29 00:00:00+00:00,0.12160299718379974,0.4494319728359353,0,0.5534454545454546,0.31866956354078235,9,0,11,835,0.35488970059880237
2022-10-30 00:00:00+00:00,0.11780200153589249,-0.03125741746449018,0,0.07541,0.30021705288358497,5,4,20,360,0.25501583333333333
2022-10-31 00:00:00+00:00,0.1270260065793991,0.07830091953655138,0,0.15551176470588235,0.3972048839741792,7,4,17,336,0.2828017857142857
2022-11-01 00:00:00+00:00,0.1425749957561493,0.12240791941318796,0,0.013343333333333334,0.3706843072530561,7,7,30,443,0.3605762979683973
2022-11-02 00:00:00+00:00,0.12782999873161316,-0.10341923523360985,0,0.13492058823529413,0.39017841278792464,15,7,34,274,0.37715182481751824
2022-11-03 00:00:00+00:00,0.1225920021533966,-0.04097627028233053,0,0.30638750000000003,0.25411893412056374,5,0,8,183,0.35234808743169393
2022-11-04 00:00:00+00:00,0.12627999484539032,0.03008346896381564,0,0.09327083333333334,0.4428102807800342,10,6,24,185,0.3412459459459459
2022-11-05 00:00:00+00:00,0.12438800185918808,-0.014982523467146791,0,0.18,0.30659606266393186,18,2,40,163,0.3412447852760736
2022-11-06 00:00:00+00:00,0.11460600048303604,-0.07864103635353537,0,-0.06753333333333332,0.40023698313207723,1,3,6,149,0.3422711409395973
2022-11-07 00:00:00+00:00,0.11129900068044662,-0.028855380945598252,0,0.13832,0.318522998338563,12,3,35,129,0.35620155038759693
2022-11-08 00:00:00+00:00,0.08840999752283096,-0.2056532674838012,0,0.23315999999999998,0.34853484217582376,13,2,20,223,0.22323139013452914
2022-11-09 00:00:00+00:00,0.07428800314664841,-0.1597330027357562,0,0.20898571428571427,0.4558499175010502,12,5,21,214,0.21789205607476636
2022-11-10 00:00:00+00:00,0.0897890031337738,0.20866087834566782,0,0.24034000000000003,0.3477545245993362,15,3,30,145,0.3543855172413793
2022-11-11 00:00:00+00:00,0.08488500118255615,-0.054616955084258345,0,0.23519032258064515,0.2686570184638631,18,2,31,123,0.2806268292682927
2022-11-12 00:00:00+00:00,0.08803900331258774,0.03715617701705032,0,0.12151904761904761,0.2459359156752987,6,1,21,163,0.39220674846625764
2022-11-13 00:00:00+00:00,0.08489300310611725,-0.035734164269220825,0,0.124886,0.38780616713686716,20,9,50,151,0.3522086092715232
2022-11-14 00:00:00+00:00,0.08587899804115295,0.011614560670014207,0,0.07163636363636364,0.3463152012934668,16,9,44,119,0.3877142857142857
2022-11-15 00:00:00+00:00,0.08697099983692169,0.012715586123227096,0,0.08987906976744187,0.3989128055806894,19,14,43,92,0.3718456521739131
2022-11-16 00:00:00+00:00,0.08558300137519836,-0.015959325112117173,0,0.17472727272727273,0.3083342314249235,10,2,22,119,0.34708151260504205
2022-11-17 00:00:00+00:00,0.0847650021314621,-0.00955796397172537,0,0.16268333333333332,0.3642718617672278,13,4,24,101,0.3850881188118812
2022-11-18 00:00:00+00:00,0.0846719965338707,-0.0010972169557331712,0,0.18146969696969698,0.37388524516625465,14,4,33,135,0.44595407407407406
2022-11-19 00:00:00+00:00,0.08458100259304047,-0.0010746639332382957,0,0.24169666666666664,0.33019157916885616,15,2,30,145,0.5148744827586207
2022-11-20 00:00:00+00:00,0.07717400044202805,-0.08757288189939105,0,0.18135428571428572,0.39028805602051014,19,6,35,103,0.38314174757281555
2022-11-21 00:00:00+00:00,0.07471100240945816,-0.031914867940791125,0,0.2244725,0.41507355479604535,22,6,40,108,0.2830064814814815
2022-11-22 00:00:00+00:00,0.07848799973726273,0.050554767115886134,0,0.09152758620689655,0.3650810192825616,11,6,29,120,0.2551675
2022-11-23 00:00:00+00:00,0.08178599923849106,0.04201915595082473,0,0.21850144927536233,0.407412136501181,36,10,69,111,0.2347189189189189
2022-11-24 00:00:00+00:00,0.08148100227117538,-0.003729207567988446,0,0.3113448275862069,0.4250491732781438,19,5,29,106,0.563438679245283
2022-11-25 00:00:00+00:00,0.08947499841451645,0.0981087114851189,0,-0.11507142857142859,0.40495561883682174,5,10,28,181,0.40650883977900554
2022-11-26 00:00:00+00:00,0.08898799866437912,-0.005442858438299947,0,0.2262833333333333,0.42479041447740323,16,4,24,139,0.3833482014388489
2022-11-27 00:00:00+00:00,0.0987119972705841,0.10927314640347552,0,0.240596875,0.35020661227372896,17,2,32,310,0.3155387096774193
2022-11-28 00:00:00+00:00,0.09512200206518173,-0.03636837775211532,0,0.09410588235294118,0.3517518025038477,19,9,51,162,0.33806296296296295
2022-11-29 00:00:00+00:00,0.10185299813747406,0.0707617157561502,0,0.13746111111111115,0.4039034481872077,9,3,18,276,0.15940833333333335
2022-11-30 00:00:00+00:00,0.10685999691486359,0.04915907110197604,0,0.14701764705882353,0.4920437572453467,7,3,17,214,0.12188130841121497
2022-12-01 00:00:00+00:00,0.10158400237560272,-0.049372961740437815,0,0.2386037037037037,0.34908492407510844,16,3,27,171,0.2681198830409357
2022-12-02 00:00:00+00:00,0.10214799642562866,0.005551996740004395,0,0.12504285714285715,0.41384443033706325,16,6,35,92,0.36189565217391306
2022-12-03 00:00:00+00:00,0.09982399642467499,-0.022751302837796916,0,0.26052142857142857,0.4063310980431276,25,6,42,101,0.33928217821782175
2022-12-04 00:00:00+00:00,0.10428600013256073,0.044698708403772214,0,0.21177666666666667,0.3557894938296242,16,4,30,116,0.3743405172413793
2022-12-05 00:00:00+00:00,0.10147400200366974,-0.026964291710455668,0,0.08211739130434782,0.2699276782806393,7,2,23,111,0.4074675675675676
2022-12-06 00:00:00+00:00,0.10027799755334854,-0.011786313998712106,0,0.2467375,0.30974093293543603,5,1,8,108,0.4002046296296296
2022-12-07 00:00:00+00:00,0.09578300267457962,-0.044825335451852744,0,0.28942500000000004,0.3168207052667396,5,0,8,100,0.371597
2022-12-08 00:00:00+00:00,0.09854000061750412,0.028783791131411274,0,0.14581428571428573,0.4253178266030871,6,3,14,99,0.36937878787878786
2022-12-09 00:00:00+00:00,0.0966619998216629,-0.019058258413564677,0,0.14465,0.3774840566379897,28,11,64,87,0.4492229885057471
2022-12-10 00:00:00+00:00,0.09645699709653854,-0.0021208202344518146,0,0.16466666666666668,0.32500741273597644,11,3,21,115,0.39495565217391304
2022-12-11 00:00:00+00:00,0.09287499636411667,-0.0371357272177657,0,0.06298823529411765,0.35336361113671466,10,7,34,184,0.4155
2022-12-12 00:00:00+00:00,0.09025800228118896,-0.028177595535700206,0,0.011219354838709677,0.42730455370017206,13,8,31,146,0.32387191780821917
2022-12-13 00:00:00+00:00,0.09093999862670898,0.007556076229067621,1,0.15345365853658535,0.41679235303539397,21,9,41,112,0.28440000000000004
2022-12-14 00:00:00+00:00,0.08851400017738342,-0.026676913195081697,0,0.12423260869565217,0.30144458201161056,17,6,46,94,0.31295531914893615
2022-12-15 00:00:00+00:00,0.08472199738025665,-0.042840712085404964,0,0.03804166666666666,0.4421928465733091,6,4,12,117,0.2950384615384615
2022-12-16 00:00:00+00:00,0.07594200223684311,-0.10363300459037106,0,0.05494533333333333,0.44100244293413376,28,18,75,116,0.3432456896551724
2022-12-17 00:00:00+00:00,0.0792670026421547,0.0437834177052876,0,0.17460227272727272,0.36526357191959175,20,8,44,102,0.3547411764705882
2022-12-18 00:00:00+00:00,0.07864099740982056,-0.00789742530268478,0,0.16342553191489362,0.37508221734538766,22,7,47,80,0.35281125
2022-12-19 00:00:00+00:00,0.07142899930477142,-0.09170786666737407,0,0.106375,0.19842333352132324,3,1,8,104,0.38707788461538467
2022-12-20 00:00:00+00:00,0.07493499666452408,0.04908366901226424,0,0.2309974358974359,0.3754509993168073,20,4,39,98,0.39838673469387753
2022-12-21 00:00:00+00:00,0.07367900013923645,-0.016761147410342736,0,0.09552500000000001,0.4194578641380252,19,9,48,207,0.29864927536231883
2022-12-22 00:00:00+00:00,0.07696700096130371,0.04462602391256243,0,0.194405,0.44247787155493945,10,5,20,98,0.32891632653061226
2022-12-23 00:00:00+00:00,0.07712899893522263,0.0021047718099391766,0,0.31791142857142857,0.2731860094292882,23,0,35,152,0.3063907894736842
2022-12-24 00:00:00+00:00,0.07764799892902374,0.006728986515655455,0,-0.011568181818181816,0.31177221750191375,6,5,22,87,0.3930528735632184
2022-12-25 00:00:00+00:00,0.07595200091600418,-0.021842134200648733,0,0.23600000000000002,0.4878758530610016,3,1,6,85,0.5286976470588236
2022-12-26 00:00:00+00:00,0.07578299939632416,-0.0022251095118207553,0,0.1998105263157895,0.3128507345448675,10,2,19,94,0.38257021276595743
2022-12-27 00:00:00+00:00,0.07372400164604187,-0.027169652384887777,0,0.39306,0.29780947706810634,14,0,20,84,0.3367095238095238
2022-12-28 00:00:00+00:00,0.07038100063800812,-0.045344812183200744,0,0.17764600000000003,0.3238131416387532,22,5,50,88,0.27054545454545453
2022-12-29 00:00:00+00:00,0.071042001247406,0.009391747821228424,0,0.1943666666666667,0.3351441853889159,3,0,9,73,0.3104931506849315
2022-12-30 00:00:00+00:00,0.06840399652719498,-0.037133029389531,0,0.1113290909090909,0.3822982361459039,21,11,55,83,0.32994819277108434
2022-12-31 00:00:00+00:00,0.07029400020837784,0.027630018378114185,0,0.3891,0.3051253763522753,13,0,18,88,0.32473295454545453
2023-01-01 00:00:00+00:00,0.07022500038146973,-0.000981589135681138,0,0.19013125,0.3055919604499874,7,2,16,68,0.35320882352941174
2023-01-02 00:00:00+00:00,0.0714540034532547,0.017500933643416205,0,-0.005457142857142859,0.43481235744913715,2,2,7,105,0.3747657142857143
2023-01-03 00:00:00+00:00,0.0704680010676384,-0.013799120244694874,0,0.07232000000000001,0.3589329971193128,7,4,20,74,0.4082810810810811
2023-01-04 00:00:00+00:00,0.07323700189590454,0.039294442673467156,0,0.3585875,0.252546071822266,6,0,8,89,0.3356550561797753
2023-01-05 00:00:00+00:00,0.07154999673366547,-0.02303487470222909,0,0.14175454545454544,0.44028218411039716,9,4,22,87,0.3731448275862069
2023-01-06 00:00:00+00:00,0.07247000187635422,0.012858213622473524,0,0.04728750000000001,0.41225741763230545,3,2,8,93,0.3977204301075269
2023-01-07 00:00:00+00:00,0.07222200185060501,-0.0034221059656150965,0,0.30453684210526316,0.3191830843654301,13,1,19,48,0.3913
2023-01-08 00:00:00+00:00,0.07360100001096725,0.019093878943078568,0,0.3596333333333333,0.39982403316959325,6,1,9,64,0.32573125
2023-01-09 00:00:00+00:00,0.07578399777412415,0.02965989270297409,0,0.28191818181818185,0.3939485774011167,7,1,11,86,0.30725
2023-01-10 00:00:00+00:00,0.0777290016412735,0.025665099813637182,0,0.0,0.0,0,0,2,101,0.32434356435643563
2023-01-11 00:00:00+00:00,0.07815299928188324,0.0054548190721208645,0,0.31296,0.36948708352104664,7,1,10,82,0.3375073170731707
2023-01-12 00:00:00+00:00,0.08028600364923477,0.027292674458445187,0,-0.037281249999999995,0.35226442760848464,3,5,16,100,0.445503
2023-01-13 00:00:00+00:00,0.08443800359964371,0.051715115483251584,0,0.25125000000000003,0.23815503003995808,6,0,10,107,0.30769813084112146
2023-01-14 00:00:00+00:00,0.08732300251722336,0.03416706689630722,0,0.073825,0.23637583560485778,5,3,20,104,0.3195201923076923
2023-01-15 00:00:00+00:00,0.08613099902868271,-0.01365050965014103,0,0.15882500000000002,0.5788921855578982,2,1,4,66,0.3522530303030303
2023-01-16 00:00:00+00:00,0.08363600075244904,-0.028967483302995367,0,0.08806333333333334,0.33893422358850134,9,6,30,80,0.3627425
2023-01-17 00:00:00+00:00,0.08298200368881226,-0.007819564036455118,0,0.2859058823529412,0.4422022325925141,24,6,34,81,0.33502592592592595
2023-01-18 00:00:00+00:00,0.0801910012960434,-0.03363382744089061,0,0.2706266666666667,0.33049067518003045,11,2,15,101,0.3367207920792079
2023-01-19 00:00:00+00:00,0.08166000247001648,0.018318778294710736,0,0.1318826086956522,0.4380597195196252,12,6,23,75,0.3157813333333333
2023-01-20 00:00:00+00:00,0.0864029973745346,0.05808222827643972,0,0.262665625,0.4284083931961267,20,4,32,91,0.2957197802197802
2023-01-21 00:00:00+00:00,0.0847650021314621,-0.018957620601658398,0,0.24444444444444444,0.35524227427819377,26,5,45,91,0.3734318681318682
2023-01-22 00:00:00+00:00,0.08830399811267853,0.0417506741252458,1,0.2584,0.2418522778179157,9,0,15,129,0.33625116279069767
2023-01-23 00:00:00+00:00,0.08860500156879425,0.0034087183202240467,0,0.23269,0.3204835528801231,4,0,10,86,0.34737325581395345
2023-01-24 00:00:00+00:00,0.0839499980211258,-0.05253657767901787,0,-0.010200000000000042,0.9473816654337364,1,1,2,111,0.30180630630630634
2023-01-25 00:00:00+00:00,0.08659400045871735,0.0314949672414071,0,0.14463571428571428,0.31187995223030057,11,4,28,110,0.3848509090909091
2023-01-26 00:00:00+00:00,0.08637300133705139,-0.0025521297144750488,0,0.19840833333333333,0.40589218199639804,11,3,24,76,0.3920671052631579
2023-01-27 00:00:00+00:00,0.08712299913167953,0.008683243409609576,0,0.11379677419354838,0.36046416787606034,14,6,31,90,0.3735788888888889
2023-01-28 00:00:00+00:00,0.08778800070285797,0.00763290494824842,0,0.195125,0.37938891282417975,12,3,24,92,0.28554891304347824
2023-01-29 00:00:00+00:00,0.09023299813270569,0.02785115745058908,0,0.1584875,0.3575448701698608,11,3,24,91,0.30731428571428576
2023-01-30 00:00:00+00:00,0.0883369967341423,-0.021012284173190565,0,-0.015356250000000002,0.3164094414283493,2,2,16,115,0.4186991304347826
2023-01-31 00:00:00+00:00,0.09616699814796448,0.08863784940965602,0,0.03846363636363636,0.4026472314711274,12,10,33,159,0.484391823899371
2023-02-01 00:00:00+00:00,0.09417100250720978,-0.02075551570907541,0,0.11394285714285714,0.3590432558500835,8,5,21,120,0.34563499999999997
2023-02-02 00:00:00+00:00,0.09097900241613388,-0.03389578539138427,0,0.3018941176470588,0.36718665973621,11,1,17,117,0.13606068376068375
2023-02-03 00:00:00+00:00,0.09298700094223022,0.02207101059332195,0,0.2219666666666667,0.38721740048465697,8,2,15,107,0.27056635514018695
2023-02-04 00:00:00+00:00,0.09578199684619904,0.030057920737816435,0,0.26499,0.3675600944779392,12,3,20,153,0.275340522875817
2023-02-05 00:00:00+00:00,0.09209500253200531,-0.038493604597887865,1,0.28004285714285715,0.41064910272814253,13,2,21,139,0.20471798561151078
2023-02-06 00:00:00+00:00,0.0895489975810051,-0.027645419197588006,0,-0.06648260869565216,0.4232215083597949,7,8,23,109,0.3065908256880734
2023-02-07 00:00:00+00:00,0.09257599711418152,0.033802718231862094,0,0.10732222222222222,0.3660934502954216,13,8,36,95,0.4980231578947369
2023-02-08 00:00:00+00:00,0.09015599638223648,-0.026140693131938453,0,0.1647375,0.3030863636545421,6,2,16,105,0.36407142857142855
2023-02-09 00:00:00+00:00,0.0814799964427948,-0.0962331989838795,0,0.06206470588235294,0.34072358103963185,7,4,17,93,0.35758602150537633
2023-02-10 00:00:00+00:00,0.08109000325202942,-0.004786367302300865,0,0.20704375000000003,0.3661391884129131,8,2,16,91,0.39308461538461537
2023-02-11 00:00:00+00:00,0.08237200230360031,0.01580958194793025,0,0.3748416666666667,0.31991394995965383,8,0,12,54,0.32414629629629627
2023-02-12 00:00:00+00:00,0.08214399963617325,-0.0027679631555720396,0,0.1352829268292683,0.3743893948167062,19,10,41,63,0.4035079365079365
2023-02-13 00:00:00+00:00,0.08215600252151489,0.00014612005009251305,1,0.3611,0.4304452568334733,20,3,24,108,0.3634861111111111
2023-02-14 00:00:00+00:00,0.08353400230407715,0.016772965337516155,1,0.13661666666666666,0.3953742978018663,10,5,24,59,0.3763186440677966
2023-02-15 00:00:00+00:00,0.08929099887609482,0.06891800240890267,0,0.30864827586206894,0.36895462711818805,18,2,29,105,0.35313047619047616
2023-02-16 00:00:00+00:00,0.0850439965724945,-0.047563610633292286,0,0.21965416666666668,0.4083020716589796,14,6,24,86,0.26518139534883717
2023-02-17 00:00:00+00:00,0.08776599913835526,0.03200699256343653,0,0.21734181818181816,0.3794387271527508,26,8,55,80,0.316385
2023-02-18 00:00:00+00:00,0.0889270007610321,0.013228375841157325,0,0.236632,0.39160728278893553,14,3,25,65,0.38325076923076923
2023-02-19 00:00:00+00:00,0.08696600049734116,-0.02205179806930202,0,0.147696,0.3270203924324394,9,2,25,57,0.30169999999999997
2023-02-20 00:00:00+00:00,0.08820799738168716,0.014281407414889369,0,0.16315555555555555,0.29123979428947855,5,2,9,66,0.28762424242424245
2023-02-21 00:00:00+00:00,0.08541300147771835,-0.0316864228520517,0,0.1342705882352941,0.391951667188398,15,7,34,67,0.318155223880597
2023-02-22 00:00:00+00:00,0.0855339989066124,0.0014166160514288428,1,0.18178999999999998,0.3731310145705966,13,4,30,82,0.3224280487804878
2023-02-23 00:00:00+00:00,0.08429200202226639,-0.014520505298741382,0,0.22464736842105262,0.4248350534402487,10,3,19,74,0.3559837837837838
2023-02-24 00:00:00+00:00,0.08089999854564667,-0.04024110704742423,0,0.005124999999999993,0.4861971669308439,8,7,20,60,0.41981
2023-02-25 00:00:00+00:00,0.08078599721193314,-0.0014091636064641477,0,0.07564857142857144,0.3813027732975066,11,7,35,56,0.38982142857142854
2023-02-26 00:00:00+00:00,0.0822020024061203,0.017527854369024265,0,0.12271846153846154,0.4023299415173398,26,11,65,47,0.3813382978723404
2023-02-27 00:00:00+00:00,0.08135399967432022,-0.010316083635171225,0,0.2088615384615385,0.4156386061200715,6,3,13,52,0.3469538461538461
2023-02-28 00:00:00+00:00,0.08074899762868881,-0.007436660128000816,0,0.12902162162162162,0.326236505157374,15,7,37,73,0.3498
2023-03-01 00:00:00+00:00,0.08196400105953217,0.015046668894025839,0,0.1952952380952381,0.33206660849322156,11,2,21,63,0.4254142857142857
2023-03-02 00:00:00+00:00,0.08051999658346176,-0.01761754498809287,0,0.11221111111111111,0.4102160084773766,4,2,9,52,0.3590519230769231
2023-03-03 00:00:00+00:00,0.07677700370550156,-0.04648525877768095,1,0.10998000000000001,0.2459227561654269,1,0,5,84,0.2514845238095238
2023-03-04 00:00:00+00:00,0.07455600053071976,-0.028927974101477627,0,0.10622608695652173,0.3920493721428826,9,5,23,46,0.26861304347826087
2023-03-05 00:00:00+00:00,0.07479500025510788,0.0032056403600893013,0,0.11126666666666668,0.42739137957302475,10,4,21,34,0.42705882352941177
2023-03-06 00:00:00+00:00,0.07480499893426895,0.00013368111674538774,0,0.15976666666666667,0.3605104619588982,20,8,45,55,0.32815272727272726
2023-03-07 00:00:00+00:00,0.0740479975938797,-0.010119662471413493,0,0.11363095238095237,0.40418828834247184,18,10,42,61,0.3669180327868853
2023-03-08 00:00:00+00:00,0.07113000005483627,-0.03940683926454491,0,0.23023636363636363,0.3367006463928831,13,2,22,51,0.3260843137254902
2023-03-09 00:00:00+00:00,0.0659869983792305,-0.0723042551896651,1,0.081990625,0.43426088810936253,15,10,32,55,0.2773309090909091
2023-03-10 00:00:00+00:00,0.06583300232887268,-0.0023337332223053453,0,0.11075555555555557,0.42109437564827956,6,2,18,65,0.27260307692307695
2023-03-11 00:00:00+00:00,0.06659399718046188,0.011559473587238411,0,0.10054444444444446,0.4544255567374722,20,9,45,59,0.23961694915254236
2023-03-12 00:00:00+00:00,0.07100100070238113,0.06617718876337753,0,0.30035,0.4615294649315469,4,1,6,59,0.34940169491525425
2023-03-13 00:00:00+00:00,0.07304099947214127,0.028731972078975376,0,0.14036666666666667,0.1941555132705052,2,1,3,71,0.3226845070422535
2023-03-14 00:00:00+00:00,0.07478699833154678,0.023904367027062223,0,0.290335,0.2980600050413728,11,0,20,59,0.33890677966101695
2023-03-15 00:00:00+00:00,0.06986600160598755,-0.06580016360254759,0,0.1218391304347826,0.32759494770653264,8,5,23,79,0.329006329113924
2023-03-16 00:00:00+00:00,0.07271800190210342,0.04082100350038442,0,0.06597222222222222,0.3203583454384535,14,7,36,59,0.38151186440677964
2023-03-17 00:00:00+00:00,0.07650899887084961,0.05213285389565314,0,0.11143750000000001,0.38934282402474707,10,5,24,81,0.31897283950617283
2023-03-18 00:00:00+00:00,0.07304999977350235,-0.04521035627699421,0,0.21970649350649352,0.40711468846326665,45,15,77,62,0.3305483870967742
2023-03-19 00:00:00+00:00,0.07481300085783005,0.024134169607036737,0,0.07128214285714285,0.3498574133405095,8,4,28,58,0.29718275862068966
2023-03-20 00:00:00+00:00,0.07148700207471848,-0.044457497292911596,0,0.2550391304347826,0.4136639773130871,12,4,23,62,0.3476564516129032
2023-03-21 00:00:00+00:00,0.07689400017261505,0.07563610084313166,0,-0.0778857142857143,0.2739828001205637,1,3,7,64,0.375603125
2023-03-22 00:00:00+00:00,0.07399900257587433,-0.03764920007077155,0,0.010387499999999994,0.35586973435982633,4,4,16,74,0.39035405405405404
2023-03-23 00:00:00+00:00,0.07741200178861618,0.04612223265093829,1,0.10838461538461538,0.22336664122078842,3,1,13,76,0.34969605263157894
2023-03-24 00:00:00+00:00,0.07468000054359436,-0.035291701311147006,0,0.08448620689655172,0.3879482740964112,11,9,29,61,0.3310950819672131
2023-03-25 00:00:00+00:00,0.07404399663209915,-0.008516388683258547,0,0.10112727272727273,0.4724290700007972,4,2,11,54,0.3336722222222222
2023-03-26 00:00:00+00:00,0.07441700249910355,0.005037624709235189,0,0.1827888888888889,0.28871974492769126,3,0,9,49,0.328165306122449
2023-03-27 00:00:00+00:00,0.07289499789476395,-0.020452377188370785,0,0.1157439393939394,0.343322616669147,26,11,66,81,0.36642098765432096
2023-03-28 00:00:00+00:00,0.0738229975104332,0.012730635056865891,0,0.11316585365853658,0.32607123424932477,15,7,41,58,0.4095413793103448
2023-03-29 00:00:00+00:00,0.07562699913978577,0.024436851525808212,0,0.2669615384615385,0.40183205766103647,8,2,13,74,0.3415972972972973
2023-03-30 00:00:00+00:00,0.07424499839544296,-0.018273906938821805,0,0.2319,0.3812552425869053,2,0,6,73,0.33874931506849315
2023-03-31 00:00:00+00:00,0.07703500241041183,0.03757834298963525,0,0.13462608695652173,0.3054806438201809,19,6,46,55,0.3530127272727273
2023-04-01 00:00:00+00:00,0.08405099809169769,0.09107542625763054,0,0.15724333333333332,0.41506355033427345,12,6,30,91,0.3335043956043956
2023-04-02 00:00:00+00:00,0.07908900082111359,-0.05903555440437103,1,0.22588387096774193,0.37210853087773066,35,9,62,84,0.3338142857142857
2023-04-03 00:00:00+00:00,0.09607899934053421,0.21482125634447224,0,0.24480857142857146,0.2850602509805175,19,1,35,301,0.3247813953488372
2023-04-04 00:00:00+00:00,0.09515900164842606,-0.009575429577980854,0,0.19456666666666664,0.4155508228043031,11,4,21,281,0.2674405693950178
2023-04-05 00:00:00+00:00,0.09281700104475021,-0.02461144571827878,0,0.05565454545454545,0.4452069190020217,4,2,11,141,0.3341290780141844
2023-04-06 00:00:00+00:00,0.08541200309991837,-0.07978062059192847,0,0.20142258064516128,0.36548906386710345,13,2,31,93,0.2767688172043011
2023-04-07 00:00:00+00:00,0.08245600014925003,-0.03460875337638769,0,0.09107,0.4078787870569325,13,8,30,95,0.3925947368421053
2023-04-08 00:00:00+00:00,0.08140499889850616,-0.012746207053962011,0,0.14333870967741935,0.31116714230717374,14,6,31,81,0.23183209876543212
2023-04-09 00:00:00+00:00,0.08329000324010849,0.023155879455910355,0,0.17198947368421053,0.4099032001078384,28,10,57,68,0.3795705882352941
2023-04-10 00:00:00+00:00,0.08485200256109238,0.018753743069032547,0,0.145842,0.3855763150539881,24,11,50,62,0.32184193548387097
2023-04-11 00:00:00+00:00,0.0842370018362999,-0.00724792233806959,0,0.2124111111111111,0.40771503007815885,10,2,18,64,0.288325
2023-04-12 00:00:00+00:00,0.08343300223350525,-0.009544494524592384,0,0.2298404255319149,0.33105971854530003,25,5,47,81,0.24406296296296298
2023-04-13 00:00:00+00:00,0.08748400211334229,0.048553926760293686,0,0.24387288135593221,0.35863921542144045,33,7,59,82,0.41132317073170727
2023-04-14 00:00:00+00:00,0.08878500014543533,0.014871267896586549,0,0.17897424242424242,0.3806638886151024,31,11,66,82,0.3362719512195122
2023-04-15 00:00:00+00:00,0.0889739990234375,0.0021287253217612268,1,0.08393709677419356,0.3937625007055966,25,17,62,53,0.27628679245283017
2023-04-16 00:00:00+00:00,0.09047199785709381,0.016836366242925838,0,0.177825,0.3314735090077532,11,2,24,60,0.30271000000000003
2023-04-17 00:00:00+00:00,0.09144899994134903,0.010798944506547281,0,0.07393125,0.2696416726416746,4,2,16,78,0.3626679487179487
2023-04-18 00:00:00+00:00,0.09398899972438812,0.027775041658937072,0,0.03361063829787234,0.32171201558431556,12,9,47,92,0.3703880434782608
2023-04-19 00:00:00+00:00,0.08786799758672714,-0.06512466518007543,0,0.20013666666666668,0.30719433306030863,12,2,30,97,0.2712556701030928
2023-04-20 00:00:00+00:00,0.08393699675798416,-0.044737571547172394,0,0.1288315789473684,0.30524925137058806,13,2,38,161,0.29356397515527954
2023-04-21 00:00:00+00:00,0.07847899943590164,-0.06502492980323782,0,0.19180222222222224,0.33813961579157914,21,7,45,73,0.30748082191780823
2023-04-22 00:00:00+00:00,0.08037500083446503,0.024159347241830664,0,0.19367441860465115,0.3709292167702898,21,5,43,58,0.25259310344827585
2023-04-23 00:00:00+00:00,0.07881999760866165,-0.019346851753145877,0,0.17618048780487805,0.30917588458635664,19,4,41,57,0.26011929824561403
2023-04-24 00:00:00+00:00,0.07878399640321732,-0.0004567521763078064,0,0.22608148148148147,0.3020988809556299,16,2,27,56,0.1939607142857143
2023-04-25 00:00:00+00:00,0.07984700053930283,0.013492640442419823,0,0.12306545454545455,0.39613633325567665,23,12,55,57,0.24241578947368422
2023-04-26 00:00:00+00:00,0.07862299680709839,-0.015329363957785058,0,-0.041979999999999996,0.2812543388871666,2,3,15,62,0.23271774193548386
2023-04-27 00:00:00+00:00,0.08019000291824341,0.019930633208877335,0,0.18849166666666664,0.39340929999027807,8,3,24,53,0.3076207547169811
2023-04-28 00:00:00+00:00,0.08036399632692337,0.002169764339045477,0,0.17722,0.3564721145397553,5,1,10,65,0.25089384615384613
2023-04-29 00:00:00+00:00,0.08162999898195267,0.015753356140717045,0,0.04962826086956521,0.32096567809799886,15,9,46,69,0.24610434782608698
2023-04-30 00:00:00+00:00,0.07976900041103363,-0.022797973712219144,0,0.15603846153846154,0.3447558545718092,10,1,26,55,0.3003818181818182
2023-05-01 00:00:00+00:00,0.07881999760866165,-0.011896887230402275,0,0.06291111111111111,0.3382456693151555,6,4,18,43,0.3737744186046511
2023-05-02 00:00:00+00:00,0.07880599796772003,-0.00017761534339455487,0,0.06482857142857142,0.30904595848155253,11,6,35,60,0.29444499999999996
2023-05-03 00:00:00+00:00,0.07971300184726715,0.011509325469346132,0,0.15023809523809525,0.30538548013320876,9,2,21,57,0.39958596491228066
2023-05-04 00:00:00+00:00,0.07844900339841843,-0.01585686675394049,0,0.25110689655172413,0.35085581585911824,15,3,29,58,0.3545672413793104
2023-05-05 00:00:00+00:00,0.08038999885320663,0.024742130182718647,0,0.32052608695652174,0.27822434247039385,15,0,23,50,0.34921399999999997
2023-05-06 00:00:00+00:00,0.07699800282716751,-0.042194253942371085,0,0.19886190476190477,0.350985872797753,23,5,42,65,0.17982
2023-05-07 00:00:00+00:00,0.07671000063419342,-0.00374038523597231,0,0.15822987012987014,0.3603848652062399,40,11,77,51,0.286021568627451
2023-05-08 00:00:00+00:00,0.07247299700975418,-0.05523404496689055,0,0.23429107142857145,0.3615863449135242,30,8,56,58,0.31124482758620686
2023-05-09 00:00:00+00:00,0.0731389969587326,0.009189628916391968,0,0.15252142857142856,0.4281416331985504,27,15,56,58,0.4013844827586207
2023-05-10 00:00:00+00:00,0.07322599738836288,0.0011895217769990474,0,0.22718235294117647,0.3211528027004481,27,2,51,47,0.3090404255319149
2023-05-11 00:00:00+00:00,0.07208500057458878,-0.01558185418387259,0,0.23496153846153847,0.28654873941711634,13,1,26,59,0.3204220338983051
2023-05-12 00:00:00+00:00,0.07245899736881256,0.00518827483169404,0,0.2718943396226415,0.29724521437248397,32,2,53,56,0.37873928571428567
2023-05-13 00:00:00+00:00,0.07177700102329254,-0.009412169230671119,0,0.10649687499999999,0.3368797751322349,16,5,32,66,0.27071969696969694
2023-05-14 00:00:00+00:00,0.07198599725961685,0.0029117437806642776,0,0.17417916666666666,0.3627946873911956,9,3,24,72,0.34896527777777775
2023-05-15 00:00:00+00:00,0.07204599678516388,0.0008334888427070641,0,0.42965,0.1576141015264815,2,0,2,47,0.3245872340425532
2023-05-16 00:00:00+00:00,0.07272899895906448,0.009480085006489336,0,0.11937027027027028,0.3564009718038136,14,6,37,55,0.3369345454545455
2023-05-17 00:00:00+00:00,0.07491099834442139,0.030001779435807174,0,0.22527450980392158,0.411482623615208,28,9,51,66,0.32992272727272726
2023-05-18 00:00:00+00:00,0.07354599982500076,-0.018221603630814154,0,0.1517953125,0.3511566350770421,23,9,64,57,0.3711842105263158
2023-05-19 00:00:00+00:00,0.07352700084447861,-0.0002583278569515679,0,0.095390625,0.3316095570039726,12,4,32,69,0.2797289855072464
2023-05-20 00:00:00+00:00,0.07366999983787537,0.001944850078942073,0,0.24855714285714287,0.29723284234994723,11,1,21,64,0.3398359375
2023-05-21 00:00:00+00:00,0.07214199751615524,-0.0207411744954904,0,0.3141285714285714,0.31684615464651883,4,0,7,50,0.380924
2023-05-22 00:00:00+00:00,0.07299800217151642,0.011865552449798589,0,0.13472941176470588,0.30327312105737686,7,3,17,51,0.45311568627450977
2023-05-23 00:00:00+00:00,0.07286400347948074,-0.001835648758178765,0,0.3019863636363636,0.3165549501616765,14,1,22,50,0.362742
2023-05-24 00:00:00+00:00,0.07073500007390976,-0.02921886396443385,0,0.20826,0.26874734654664423,16,3,30,63,0.3469698412698413
2023-05-25 00:00:00+00:00,0.07087499648332596,0.0019791674456763886,0,0.1612705882352941,0.3849910495058859,19,7,34,58,0.31036034482758623
2023-05-26 00:00:00+00:00,0.07098399847745895,0.0015379470834773201,0,0.09634285714285715,0.2831624451258859,4,1,14,47,0.22214893617021278
2023-05-27 00:00:00+00:00,0.07268299907445908,0.023934980184860066,0,0.09609782608695651,0.27902793845708984,13,6,46,36,0.3127888888888889
2023-05-28 00:00:00+00:00,0.0736130028963089,0.012795341877638977,0,0.16219615384615385,0.3690112621379128,10,4,26,47,0.37017021276595746
2023-05-29 00:00:00+00:00,0.07318499684333801,-0.0058142724264865775,0,0.16746666666666668,0.3329496329329339,20,5,39,45,0.30794666666666665
2023-05-30 00:00:00+00:00,0.07236099988222122,-0.011259096763789778,0,0.0,0.0,0,0,0,51,0.30847843137254904
2023-05-31 00:00:00+00:00,0.07165999710559845,-0.009687577255203306,0,0.0,0.0,0,0,0,55,0.44208
2023-06-01 00:00:00+00:00,0.07149200141429901,-0.0023443440983101915,0,0.2534315789473684,0.40983995799530176,10,2,19,42,0.3034428571428571
2023-06-02 00:00:00+00:00,0.07261200249195099,0.01566610327722584,0,0.15719454545454545,0.3320858102058372,21,5,55,62,0.27933548387096774
2023-06-03 00:00:00+00:00,0.07267100363969803,0.0008125536512173515,0,0.13570000000000002,0.40762323333058087,26,10,58,51,0.2790490196078432
2023-06-04 00:00:00+00:00,0.0724710002541542,-0.002752175909602639,0,0.13968823529411764,0.32308563998805084,13,4,34,57,0.17678245614035087
2023-06-05 00:00:00+00:00,0.06657300144433975,-0.08138426114073627,0,0.2505125,0.27384840019675594,17,0,32,48,0.20635625000000002
2023-06-06 00:00:00+00:00,0.07037299871444702,0.05708015543334577,0,0.15726111111111113,0.42415238817987677,9,4,18,77,0.31949220779220777
2023-06-07 00:00:00+00:00,0.06729999929666519,-0.043667308114169745,0,0.2249121951219512,0.289819175689879,23,2,41,53,0.3110075471698113
2023-06-08 00:00:00+00:00,0.06796599924564362,0.009895987458226063,0,0.2678265306122449,0.37427615905878364,31,5,49,44,0.27765454545454543
2023-06-09 00:00:00+00:00,0.0694890022277832,0.02240830708064978,0,0.15230961538461538,0.338933453043523,23,6,52,59,0.3686254237288135
2023-06-10 00:00:00+00:00,0.06185999885201454,-0.10978720561796207,0,0.163298,0.369147935331059,23,7,50,95,0.19255684210526317
2023-06-11 00:00:00+00:00,0.06158699840307236,-0.004413198415914477,0,0.14039230769230768,0.3725296481666896,24,8,52,42,0.19516428571428573
2023-06-12 00:00:00+00:00,0.061459001153707504,-0.0020783160842998694,0,0.15913999999999998,0.30747306537489505,14,3,30,52,0.375101923076923
2023-06-13 00:00:00+00:00,0.061723001301288605,0.004295548945236538,0,0.08583333333333333,0.26512889758254066,5,3,21,78,0.23226153846153844
2023-06-14 00:00:00+00:00,0.06038700044155121,-0.021645105253647268,0,0.10387857142857142,0.34392962108509967,20,7,56,76,0.33904473684210523
2023-06-15 00:00:00+00:00,0.06150300055742264,0.018480800631116123,0,0.06295,0.2836566342895413,6,4,18,61,0.3640344262295082
2023-06-16 00:00:00+00:00,0.062102001160383224,0.009739372023017445,0,0.06628333333333333,0.3225370826833441,5,2,18,65,0.39047076923076923
2023-06-17 00:00:00+00:00,0.062217000871896744,0.001851787532844984,0,0.18754150943396228,0.3825741488883924,27,9,53,47,0.32218297872340423
2023-06-18 00:00:00+00:00,0.06216700002551079,-0.0008036524693452174,0,0.11164285714285714,0.44350633013966045,17,7,35,50,0.408396
2023-06-19 00:00:00+00:00,0.06234100088477135,0.0027989264270296133,0,0.12325263157894738,0.27383573415141715,7,1,19,69,0.3600507246376811
2023-06-20 00:00:00+00:00,0.06304500252008438,0.011292754773287728,0,0.4339642857142857,0.2746352535136876,11,0,14,72,0.27395138888888887
2023-06-21 00:00:00+00:00,0.06570400297641754,0.042176228884852174,0,0.1289672131147541,0.37122804703726775,30,9,61,75,0.32901199999999997
2023-06-22 00:00:00+00:00,0.06564299762248993,-0.0009284876288208066,0,0.1738074074074074,0.38761981663830375,12,4,27,73,0.3807506849315068
2023-06-23 00:00:00+00:00,0.06817399710416794,0.0385570369018442,0,0.03435833333333333,0.3836947566593513,3,3,12,52,0.27131346153846153
2023-06-24 00:00:00+00:00,0.06674200296401978,-0.021004990186509365,0,0.13512500000000002,0.34319200404854594,17,4,36,41,0.22374634146341466
2023-06-25 00:00:00+00:00,0.0667639970779419,0.0003295393147546566,0,0.09832631578947369,0.34396277389357327,7,2,19,46,0.19532391304347826
2023-06-26 00:00:00+00:00,0.06474900245666504,-0.0301808565913827,0,0.022783999999999995,0.4399413679495636,8,7,25,46,0.27379565217391305
2023-06-27 00:00:00+00:00,0.06554500013589859,0.012293589847446551,0,0.13664666666666667,0.3138038435549907,13,3,30,44,0.3711318181818182
2023-06-28 00:00:00+00:00,0.06260199844837189,-0.04490047572545264,0,0.35055454545454545,0.2900391227529016,7,0,11,55,0.27774727272727273
2023-06-29 00:00:00+00:00,0.06340699642896652,0.012858982149883236,0,0.029875000000000013,0.5795713264991634,2,1,4,37,0.3129
2023-06-30 00:00:00+00:00,0.06647899746894836,0.04844892855669869,0,0.10891379310344827,0.37704058489783104,13,6,29,43,0.3329883720930233
2023-07-01 00:00:00+00:00,0.06847800314426422,0.030069732568539065,0,-0.05454193548387097,0.3570756668403244,7,10,31,55,0.3169709090909091
2023-07-02 00:00:00+00:00,0.06803800165653229,-0.006425442733850928,0,0.09802777777777777,0.25751073719602807,5,4,18,39,0.3443205128205128
2023-07-03 00:00:00+00:00,0.06835299730300903,0.004629701619793369,0,0.2727625,0.3647641113984293,5,1,8,59,0.2309101694915254
2023-07-04 00:00:00+00:00,0.06894099712371826,0.008602399951864959,0,0.29894166666666666,0.36381160823684394,8,1,12,64,0.316371875
2023-07-05 00:00:00+00:00,0.06703300029039383,-0.02767579398221398,0,0.2256375,0.24972926447598065,4,0,8,42,0.2723642857142857
2023-07-06 00:00:00+00:00,0.06502600014209747,-0.02994047916103748,0,-0.04924545454545453,0.29266883115096615,2,4,11,53,0.4368924528301887
2023-07-07 00:00:00+00:00,0.06542500108480453,0.0061360216195851525,0,0.16962631578947368,0.2821221343912071,9,2,19,50,0.430234
2023-07-08 00:00:00+00:00,0.06576099991798401,0.005135633589733457,0,0.20882222222222221,0.27641746679201085,9,1,18,36,0.40381944444444445
2023-07-09 00:00:00+00:00,0.0654349997639656,-0.004957347887425412,0,0.07735333333333333,0.30897292962021,4,3,15,28,0.44164642857142855
2023-07-10 00:00:00+00:00,0.06524299830198288,-0.002934231874001769,0,0.11044871794871795,0.3585212288156323,18,7,39,54,0.25875
2023-07-11 00:00:00+00:00,0.06528700143098831,0.0006744498283441924,0,0.200878125,0.29576097338394075,17,5,32,38,0.380728947368421
2023-07-12 00:00:00+00:00,0.0650710016489029,-0.0033084653506983974,0,-0.20301249999999998,0.5348393842681051,2,5,8,42,0.3026809523809524
2023-07-13 00:00:00+00:00,0.0705069974064827,0.08353945105855698,0,0.07983076923076922,0.3062893034622408,11,4,26,70,0.24754
2023-07-14 00:00:00+00:00,0.06852900236845016,-0.02805388274626297,0,0.09206833333333335,0.3719812212736363,26,14,60,66,0.3151515151515152
2023-07-15 00:00:00+00:00,0.07192700356245041,0.04958486300049558,0,0.11025714285714286,0.4204156335672297,18,10,42,56,0.3556267857142857
2023-07-16 00:00:00+00:00,0.06955400109291077,-0.03299181603581314,0,0.15899661016949154,0.31061258659917207,28,10,59,55,0.3306872727272727
2023-07-17 00:00:00+00:00,0.06990499794483185,0.0050463933980191555,0,0.21082608695652175,0.39024834226128513,23,6,46,48,0.290275
2023-07-18 00:00:00+00:00,0.06858299672603607,-0.01891139772064776,0,0.19619347826086958,0.3513565573615586,26,6,46,40,0.29172000000000003
2023-07-19 00:00:00+00:00,0.07015900313854218,0.022979550147125716,1,0.1509764705882353,0.4072806455972035,15,7,34,63,0.28953174603174603
2023-07-20 00:00:00+00:00,0.07051599770784378,0.005088364334320028,0,0.13205384615384613,0.4679354417997292,7,4,13,69,0.3745768115942029
2023-07-21 00:00:00+00:00,0.073294997215271,0.0394094900130455,0,0.22004,0.2820204058810875,5,0,10,95,0.2708115789473684
2023-07-22 00:00:00+00:00,0.07043299823999405,-0.03904767151939603,0,0.21990714285714286,0.3428911185432253,7,1,14,62,0.4473354838709677
2023-07-23 00:00:00+00:00,0.0718189999461174,0.019678300523295666,0,0.1012173469387755,0.34902735662890805,38,17,98,42,0.4006166666666667
2023-07-24 00:00:00+00:00,0.07426799833774567,0.03409958915420219,0,0.09729285714285715,0.27562185763577135,4,1,14,101,0.3545554455445544
2023-07-25 00:00:00+00:00,0.0818450003862381,0.10202243520869914,0,0.13686666666666666,0.36290968320082,14,3,30,122,0.39532540983606557
2023-07-26 00:00:00+00:00,0.07795800268650055,-0.04749218255720278,0,0.11440714285714286,0.3085459159553846,5,1,14,73,0.3756301369863014
2023-07-27 00:00:00+00:00,0.07756199687719345,-0.005079732620903443,0,0.209759375,0.44089014860289255,15,7,32,55,0.4012509090909091
2023-07-28 00:00:00+00:00,0.07732100039720535,-0.0031071464079203137,0,0.16134074074074076,0.3040584069135646,12,3,27,44,0.33898409090909093
2023-07-29 00:00:00+00:00,0.08018799871206284,0.0370791673688835,0,0.10995999999999999,0.4232390242719434,10,5,25,68,0.435075
2023-07-30 00:00:00+00:00,0.07806099951267242,-0.02652515630210439,0,0.06364,0.1423033660880866,1,0,5,40,0.2278525
2023-07-31 00:00:00+00:00,0.07781799882650375,-0.003112958938339294,0,0.1436148148148148,0.43050677802553344,13,4,27,61,0.31482295081967215
2023-08-01 00:00:00+00:00,0.07804200053215027,0.002878533360205493,0,0.19410909090909093,0.4926185329045578,14,5,22,37,0.2577
2023-08-02 00:00:00+00:00,0.07421299815177917,-0.04906335504295145,0,0.2776117647058824,0.3915508952906904,11,3,17,57,0.298519298245614
2023-08-03 00:00:00+00:00,0.07361499965190887,-0.008057867418956532,0,0.09412258064516128,0.4662231087577973,14,10,31,25,0.29741599999999996
2023-08-04 00:00:00+00:00,0.07341600209474564,-0.002703220241855653,0,0.19441025641025642,0.4031282875311869,21,6,39,43,0.40367674418604654
2023-08-05 00:00:00+00:00,0.0756860002875328,0.030919665032395294,0,0.18402325581395348,0.36905401710525826,18,7,43,43,0.3521302325581395
2023-08-06 00:00:00+00:00,0.07426600158214569,-0.018761708902472196,0,0.14275423728813558,0.3919260967114335,28,13,59,26,0.3735192307692307
2023-08-07 00:00:00+00:00,0.07342199981212616,-0.011364578030850114,0,0.2116297297297297,0.37640946813636694,18,6,37,38,0.2819421052631579
2023-08-08 00:00:00+00:00,0.07498600333929062,0.021301565350527962,0,0.15547428571428573,0.4444736717822136,18,9,35,50,0.353258
2023-08-09 00:00:00+00:00,0.075314000248909,0.004374108433733648,0,0.12182307692307692,0.37019472504810397,19,9,39,39,0.40015897435897435
2023-08-10 00:00:00+00:00,0.0758029967546463,0.006492770323196062,0,0.47825,0.3494059100816699,3,0,4,39,0.2508051282051282
2023-08-11 00:00:00+00:00,0.07566600292921066,-0.0018072349550909417,0,0.12796545454545455,0.40690706520093467,24,12,55,50,0.370762
2023-08-12 00:00:00+00:00,0.07674200087785721,0.014220361945815885,0,0.13740000000000002,0.26102531896897885,2,0,8,47,0.2971531914893617
2023-08-13 00:00:00+00:00,0.07478299736976624,-0.025527136192460387,0,0.10303333333333334,0.32709271239206783,3,1,9,47,0.40417021276595744
2023-08-14 00:00:00+00:00,0.0747309997677803,-0.0006953131569309434,0,0.07301052631578947,0.42093829964172086,10,5,19,55,0.32657090909090913
2023-08-15 00:00:00+00:00,0.07086300104856491,-0.051758958547789335,0,0.06320526315789472,0.35754963676185997,6,3,19,44,0.37771363636363636
2023-08-16 00:00:00+00:00,0.0671830028295517,-0.05193116527045172,0,0.19923658536585365,0.33143080707449146,21,5,41,42,0.4150547619047619
2023-08-17 00:00:00+00:00,0.061184998601675034,-0.089278596895915,0,0.04969166666666667,0.3686935424092559,13,10,36,52,0.22459615384615386
2023-08-18 00:00:00+00:00,0.06323400139808655,0.03348864661664663,0,0.14998596491228072,0.3673125841056305,28,12,57,46,0.3546065217391305
2023-08-19 00:00:00+00:00,0.0637580007314682,0.008286670490498249,0,0.11654,0.27125819783876914,7,3,20,41,0.2368780487804878
2023-08-20 00:00:00+00:00,0.06383000314235687,0.0011293078525458355,0,0.15737142857142855,0.47656828371978244,3,3,7,39,0.3053974358974359
2023-08-21 00:00:00+00:00,0.06252899765968323,-0.02038235028395785,0,0.16726666666666667,0.3283907132969965,12,5,24,36,0.36146111111111107
2023-08-22 00:00:00+00:00,0.06259900331497192,0.001119571045576473,0,0.26145,0.34198071010943953,14,2,24,37,0.3759810810810811
2023-08-23 00:00:00+00:00,0.06377799808979034,0.018834082211919734,0,0.3084545454545454,0.3605416961046547,26,4,44,47,0.30772553191489366
2023-08-24 00:00:00+00:00,0.0630360022187233,-0.011634041413818297,0,0.13253333333333334,0.2406156716618337,12,2,24,54,0.31956296296296294
2023-08-25 00:00:00+00:00,0.06308399885892868,0.0007614163099818327,0,0.1107341463414634,0.3635225808734281,17,8,41,52,0.35459615384615384
2023-08-26 00:00:00+00:00,0.06286799907684326,-0.0034240026946998903,0,0.29472,0.3518396715288634,25,4,40,39,0.27163846153846155
2023-08-27 00:00:00+00:00,0.06317099928855896,0.0048196255036738744,0,0.29654545454545456,0.35113476149090217,8,2,11,38,0.24138157894736842
2023-08-28 00:00:00+00:00,0.06343799829483032,0.004226607292560525,0,0.18402307692307693,0.416608025514484,7,2,13,46,0.42089782608695653
2023-08-29 00:00:00+00:00,0.06639000028371811,0.04653365598277959,0,0.20621724137931033,0.32432586024042187,13,5,29,70,0.29114142857142855
2023-08-30 00:00:00+00:00,0.06583800166845322,-0.008314484303448166,0,-0.010455555555555551,0.47216804506211324,3,3,9,46,0.33975652173913046
2023-08-31 00:00:00+00:00,0.06378500163555145,-0.03118259942396573,0,0.23490000000000003,0.39737844095186303,35,10,61,43,0.2540046511627907
2023-09-01 00:00:00+00:00,0.06384900212287903,0.0010033783128713392,0,0.39969523809523805,0.37097480706402486,15,2,21,36,0.3541638888888889
2023-09-02 00:00:00+00:00,0.0634939968585968,-0.005560075372814888,0,0.3032666666666667,0.3617452694922215,11,1,18,24,0.3777375
2023-09-03 00:00:00+00:00,0.06317300349473953,-0.0050554915383911325,0,0.08763181818181819,0.40719859947645254,11,5,22,34,0.35760882352941176
2023-09-04 00:00:00+00:00,0.06318499892950058,0.00018988229302796533,0,0.1842659090909091,0.3853922839545604,27,8,44,39,0.3916820512820513
2023-09-05 00:00:00+00:00,0.06399200111627579,0.012772053500794245,0,0.23044399999999998,0.37439814266811383,16,4,25,33,0.4246848484848485
2023-09-06 00:00:00+00:00,0.06361299753189087,-0.005922671236616828,0,0.17525671641791046,0.3915277064478675,37,11,67,41,0.4408365853658537
2023-09-07 00:00:00+00:00,0.0635790005326271,-0.0005344347945043237,0,-0.03203255813953489,0.4421611270205263,14,20,43,22,0.3667818181818182
2023-09-08 00:00:00+00:00,0.0636489987373352,0.0011009642196588842,0,0.0984,0.44726575419072145,19,11,40,20,0.38699
2023-09-09 00:00:00+00:00,0.06340499967336655,-0.0038335098557572556,0,-0.009980952380952377,0.42202181670463507,15,12,42,40,0.19022999999999998
2023-09-10 00:00:00+00:00,0.061326999217271805,-0.03277344794258574,0,0.22829000000000002,0.4306717016842167,10,3,20,23,0.2599304347826087
2023-09-11 00:00:00+00:00,0.06046200171113014,-0.014104676850030029,0,0.125225,0.5252866063548446,12,7,20,25,0.282712
2023-09-12 00:00:00+00:00,0.06095099821686745,0.008087666499590807,0,0.39410000000000006,0.2533131105963527,5,0,6,27,0.2947518518518518
2023-09-13 00:00:00+00:00,0.06128000095486641,0.005397823622647735,0,0.23607333333333333,0.3493922017828484,7,1,15,48,0.35245208333333333
2023-09-14 00:00:00+00:00,0.06207200139760971,0.012924289007870904,1,0.2708394736842105,0.3224730858574374,23,4,38,40,0.39045
2023-09-15 00:00:00+00:00,0.06255300343036652,0.007749098175128699,0,0.071875,0.23619543209566343,3,1,8,33,0.36858484848484846
2023-09-16 00:00:00+00:00,0.06214800104498863,-0.00647454739449449,0,0.0,0.0,0,0,1,25,0.279204
2023-09-17 00:00:00+00:00,0.06151700019836426,-0.010153196177099866,0,0.13304057971014493,0.42139559565205836,32,14,69,23,0.30355217391304345
2023-09-18 00:00:00+00:00,0.06201599910855293,0.008111561171377568,0,0.14063125,0.27430206881890873,5,1,16,43,0.28583488372093024
2023-09-19 00:00:00+00:00,0.06270900368690491,0.011174609589679196,0,0.23422857142857142,0.29742450422634265,5,1,7,46,0.31923695652173917
2023-09-20 00:00:00+00:00,0.06262999773025513,-0.0012598821860453358,0,0.04435454545454544,0.39185967693413726,8,7,22,44,0.3577659090909091
2023-09-21 00:00:00+00:00,0.06134599819779396,-0.020501350454957712,0,0.11602926829268292,0.4113547004981846,21,10,41,21,0.29398571428571424
2023-09-22 00:00:00+00:00,0.06153099983930588,0.003015708390878613,0,0.2113936507936508,0.45029561575918187,33,15,63,31,0.36076451612903226
2023-09-23 00:00:00+00:00,0.061507001519203186,-0.0003900199926113457,0,-0.2393,0.1424113057309707,0,2,2,44,0.45191590909090906
2023-09-24 00:00:00+00:00,0.060743000358343124,-0.012421368982221237,0,0.165625,0.29156222932922665,5,2,8,33,0.4782060606060606
2023-09-25 00:00:00+00:00,0.06095900014042854,0.0035559616879503597,0,0.20017666666666667,0.35208621072346646,18,4,30,40,0.5132099999999999
2023-09-26 00:00:00+00:00,0.06059899926185608,-0.005905623086716383,0,0.10340714285714285,0.4292870370645236,22,13,42,32,0.298396875
2023-09-27 00:00:00+00:00,0.060504000633955,-0.0015676600118522677,0,0.035167647058823526,0.29217655592237296,12,9,34,39,0.46216666666666667
2023-09-28 00:00:00+00:00,0.06148400157690048,0.016197291628274657,0,0.11623409090909091,0.4040976769689631,19,9,44,32,0.38603125
2023-09-29 00:00:00+00:00,0.062178000807762146,0.011287476629081361,0,0.18135145631067962,0.384869675896048,53,14,103,27,0.3927407407407407
2023-09-30 00:00:00+00:00,0.06214100122451782,-0.0005950590685396273,0,0.2327909090909091,0.4094676822052783,10,4,22,49,0.49432857142857145
2023-10-01 00:00:00+00:00,0.06319300085306168,0.016929235252308494,0,0.20261,0.2896615139350971,16,5,30,47,0.5430212765957446
2023-10-02 00:00:00+00:00,0.062059998512268066,-0.017929237819044208,0,0.17607727272727272,0.3286978444709227,19,5,44,32,0.473359375
2023-10-03 00:00:00+00:00,0.061386000365018845,-0.010860428027821944,0,0.11159122807017544,0.5003904358743644,25,16,57,31,0.2552935483870968
2023-10-04 00:00:00+00:00,0.06148799881339073,0.0016615913688036166,0,0.23007307692307694,0.37769585071344625,15,3,26,31,0.35035806451612905
2023-10-05 00:00:00+00:00,0.06092299893498421,-0.009188783003350576,0,0.2587857142857143,0.3341640124187032,16,3,28,37,0.433227027027027
2023-10-06 00:00:00+00:00,0.06142599880695343,0.00825632159877765,0,0.05822631578947369,0.3275901136054104,12,11,38,32,0.3268125
2023-10-07 00:00:00+00:00,0.061455000191926956,0.00047213534231116405,0,0.1322475,0.3676971321879336,18,9,40,32,0.25881875
2023-10-08 00:00:00+00:00,0.06100799888372421,-0.00727363610457632,0,0.10524864864864864,0.46118971188150476,17,9,37,26,0.26386923076923074
2023-10-09 00:00:00+00:00,0.058779001235961914,-0.03653615408711519,0,-0.06301904761904763,0.4041632747034886,8,9,21,26,0.31158076923076927
2023-10-10 00:00:00+00:00,0.05902500078082085,0.004185160341044103,0,0.17251081081081082,0.3435834807047819,19,4,37,28,0.33265
2023-10-11 00:00:00+00:00,0.058469999581575394,-0.009402815618865579,0,0.1788921052631579,0.3718166951615453,21,4,38,32,0.35338125
2023-10-12 00:00:00+00:00,0.05789700150489807,-0.009799864559223992,0,0.054863999999999996,0.47092745449803625,10,6,25,32,0.30055937499999996
2023-10-13 00:00:00+00:00,0.05839800089597702,0.00865328735610893,0,0.12823500000000002,0.3939633475805105,8,4,20,31,0.37478064516129034
2023-10-14 00:00:00+00:00,0.05985900014638901,0.02501796684811919,0,0.15287142857142857,0.42666981930878906,16,7,28,34,0.4703794117647059
2023-10-15 00:00:00+00:00,0.05934999883174896,-0.008503338067713306,0,0.1829782608695652,0.46622737620619265,12,4,23,50,0.382814
2023-10-16 00:00:00+00:00,0.060113999992609024,0.012872808355496757,0,0.2518333333333333,0.29141222949629275,7,1,9,36,0.39887500000000004
2023-10-17 00:00:00+00:00,0.059119999408721924,-0.0165352594072814,0,0.15634444444444445,0.5102236847665267,11,5,18,28,0.4122642857142857
2023-10-18 00:00:00+00:00,0.05867300182580948,-0.007560852289969722,0,0.07591379310344828,0.4490870109170207,11,8,29,35,0.28852285714285714
2023-10-19 00:00:00+00:00,0.058883000165224075,0.0035791306543007106,0,0.016033333333333337,0.4331053614510527,7,6,18,21,0.05864285714285714
2023-10-20 00:00:00+00:00,0.05996499955654144,0.018375412059190355,0,0.112215,0.3954443683847065,19,7,40,28,0.41455714285714285
2023-10-21 00:00:00+00:00,0.061188001185655594,0.02039525786973395,0,-0.20095,0.28418621535887345,0,1,2,23,0.41176521739130434
2023-10-22 00:00:00+00:00,0.06159599870443344,0.006667933432568107,0,0.17495714285714287,0.3611940885056517,13,2,21,27,0.24861111111111112
2023-10-23 00:00:00+00:00,0.06708499789237976,0.08911291810179289,0,0.14047058823529412,0.3503779294645745,7,3,17,74,0.3282418918918919
2023-10-24 00:00:00+00:00,0.06655599921941757,-0.007885498838515748,0,0.22466,0.4505896780886131,2,1,5,86,0.16441046511627905
2023-10-25 00:00:00+00:00,0.06836099922657013,0.027120019657460803,0,0.19892500000000002,0.4715068354046772,3,1,4,41,0.3113487804878049
2023-10-26 00:00:00+00:00,0.07186699658632278,0.051286514232079305,0,0.0471,0.43725319895913856,4,2,8,62,0.35600806451612904
2023-10-27 00:00:00+00:00,0.06788100302219391,-0.05546347772222693,0,0.1771676470588235,0.41277100755642276,19,6,34,38,0.44801052631578947
2023-10-28 00:00:00+00:00,0.06900099664926529,0.016499367675889998,0,0.2331375,0.4227521615511314,24,7,40,30,0.5292433333333333
2023-10-29 00:00:00+00:00,0.06935899704694748,0.005188336619279754,0,0.21898888888888887,0.24812748831501183,10,0,18,28,0.3997785714285714
2023-10-30 00:00:00+00:00,0.06965000182390213,0.0041956312712780885,0,0.05505294117647058,0.4823136377369593,8,6,17,41,0.3415951219512195
2023-10-31 00:00:00+00:00,0.06827700138092041,-0.01971285580800286,0,0.07861923076923076,0.3677434479966907,22,12,52,47,0.38152340425531917
2023-11-01 00:00:00+00:00,0.06884100288152695,0.008260490197276704,0,0.16072272727272727,0.3528610701399291,22,9,44,25,0.323316
2023-11-02 00:00:00+00:00,0.06793399900197983,-0.013175343786145044,0,0.2632411764705882,0.450398692908327,11,4,17,41,0.4477317073170732
2023-11-03 00:00:00+00:00,0.06814400106668472,0.0030912660492543598,0,0.32722222222222225,0.43559478729427964,16,4,27,38,0.36486315789473683
2023-11-04 00:00:00+00:00,0.06907899677753448,0.013720880726313611,0,0.2569153846153846,0.34991131069721965,16,1,26,33,0.3841878787878788
2023-11-05 00:00:00+00:00,0.07122399657964706,0.031051403497078134,0,0.19663846153846154,0.4046422257379998,23,6,39,35,0.3971542857142857
2023-11-06 00:00:00+00:00,0.07638099789619446,0.07240539093843901,0,0.13226666666666667,0.44092529011916143,25,9,51,76,0.26508815789473683
2023-11-07 00:00:00+00:00,0.07351800054311752,-0.03748311009196148,0,0.29806333333333335,0.3523575833442923,19,3,30,47,0.4068489361702128
2023-11-08 00:00:00+00:00,0.07548099756240845,0.02670090324531671,0,0.16073584905660376,0.41946108377955066,24,9,53,60,0.4387416666666667
2023-11-09 00:00:00+00:00,0.07346100360155106,-0.026761622475739544,0,0.31707857142857143,0.3031112341611991,10,1,14,60,0.2849483333333333
2023-11-10 00:00:00+00:00,0.07544399797916412,0.026993837279554844,0,0.299985,0.4559204250455163,14,4,20,47,0.3495723404255319
2023-11-11 00:00:00+00:00,0.07840599864721298,0.03926091866004899,0,0.180746875,0.25469860997933075,16,3,32,90,0.4025011111111111
2023-11-12 00:00:00+00:00,0.07798100262880325,-0.0054204528447114875,0,0.14916428571428572,0.39641501486571995,8,2,14,41,0.3096829268292683
2023-11-13 00:00:00+00:00,0.07478199899196625,-0.04102285850394305,0,0.027333333333333324,0.3829996636825578,5,4,15,46,0.29992608695652173
2023-11-14 00:00:00+00:00,0.07245700061321259,-0.031090348079668706,0,0.31073181818181816,0.3120462914168553,14,1,22,36,0.2499861111111111
2023-11-15 00:00:00+00:00,0.07635600119829178,0.053811233587941265,0,0.0492,0.44465764460885066,11,7,23,37,0.16777027027027028
2023-11-16 00:00:00+00:00,0.07927700132131577,0.038255016988623325,0,0.07372916666666667,0.35503219018680626,10,3,24,75,0.33049866666666666
2023-11-17 00:00:00+00:00,0.08630400151014328,0.08863857199071568,0,0.1171111111111111,0.27421096551945384,5,1,9,83,0.36156385542168673
2023-11-18 00:00:00+00:00,0.08038300275802612,-0.0686063061794564,0,0.17834583333333334,0.39263607663781513,11,3,24,68,0.271225
2023-11-19 00:00:00+00:00,0.08057600259780884,0.0024010031121093345,0,0.2256840909090909,0.34595256896512994,23,3,44,42,0.3256833333333334
2023-11-20 00:00:00+00:00,0.07787899672985077,-0.03347157690882285,0,0.14860350877192982,0.3359974213149943,27,9,57,41,0.34282439024390243
2023-11-21 00:00:00+00:00,0.07211899757385254,-0.07396088031255343,0,0.04305510204081632,0.5035622897009301,20,13,49,38,0.29963684210526315
2023-11-22 00:00:00+00:00,0.07578399777412415,0.05081879010476409,0,0.09310625,0.4004011286580561,16,4,32,44,0.19182727272727274
2023-11-23 00:00:00+00:00,0.07620000094175339,0.005489327296629876,0,0.09952075471698112,0.31777979395419914,23,7,53,32,0.350303125
2023-11-24 00:00:00+00:00,0.07821699976921082,0.026469800558128753,0,0.10170172413793103,0.3961320311932955,25,13,58,27,0.32896296296296296
2023-11-25 00:00:00+00:00,0.07895500212907791,0.009435319202279135,0,0.026024324324324322,0.28239943284233004,12,7,37,37,0.26564054054054054
2023-11-26 00:00:00+00:00,0.07870399951934814,-0.0031790589951402604,0,0.14894374999999999,0.29954715707967605,16,4,32,34,0.4006617647058824
2023-11-27 00:00:00+00:00,0.07878799736499786,0.0010672627333134788,0,0.09439999999999998,0.2555970713000109,3,1,8,45,0.30421777777777775
2023-11-28 00:00:00+00:00,0.08100900053977966,0.02818961325406777,0,0.2684354838709678,0.41503939535774753,20,5,31,49,0.34886122448979595
2023-11-29 00:00:00+00:00,0.08059299737215042,-0.005135270955786697,0,0.0,0.0,0,0,0,50,0.391122
2023-11-30 00:00:00+00:00,0.08341699838638306,0.03504027776994545,0,0.13493750000000002,0.3246245226512035,9,1,24,76,0.38507763157894737
2023-12-01 00:00:00+00:00,0.08385699987411499,0.005274722133897347,0,0.15826923076923077,0.3391595528769495,6,2,13,66,0.2028590909090909
2023-12-02 00:00:00+00:00,0.08627899736166,0.028882472437374185,0,0.19211052631578948,0.3671563705381435,22,7,38,43,0.22100930232558139
2023-12-03 00:00:00+00:00,0.08561500161886215,-0.007695913989525738,0,0.17147916666666665,0.41854275453433476,13,6,24,51,0.3057764705882353
2023-12-04 00:00:00+00:00,0.0919400006532669,0.07387722846239209,0,0.18769642857142857,0.4245294130909719,15,4,28,83,0.37293614457831326
2023-12-05 00:00:00+00:00,0.0942469984292984,0.025092427231231618,0,0.2549526315789474,0.39975173223554655,24,7,38,108,0.3153638888888889
2023-12-06 00:00:00+00:00,0.09486400336027145,0.006546679907646125,0,0.06844871794871794,0.31640645817465374,13,9,39,253,0.3401474308300395
2023-12-07 00:00:00+00:00,0.09591999650001526,0.011131652706384276,0,0.17636666666666667,0.3870364040558926,36,12,63,90,0.33644111111111114
2023-12-08 00:00:00+00:00,0.10147000104188919,0.057860766726290036,0,0.12506896551724137,0.41758162274164157,29,16,58,115,0.3797495652173913
2023-12-09 00:00:00+00:00,0.0985419973731041,-0.028855855314087853,0,0.14590666666666666,0.3694122988551607,24,8,45,92,0.36459456521739136
2023-12-10 00:00:00+00:00,0.10180100053548813,0.03307222554100098,0,0.19082749999999998,0.4283853716693141,19,5,40,97,0.2962855670103093
2023-12-11 00:00:00+00:00,0.09438399970531464,-0.07285783824480097,0,0.10873958333333333,0.38510435432356727,19,11,48,89,0.32447640449438203
2023-12-12 00:00:00+00:00,0.0938350036740303,-0.005816621810883271,0,0.22715531914893616,0.4010209578219023,24,8,47,82,0.25432439024390247
2023-12-13 00:00:00+00:00,0.09642799943685532,0.027633565954051864,0,-0.05543,0.4764476351079938,4,3,10,72,0.3350652777777778
2023-12-14 00:00:00+00:00,0.09825500100851059,0.018946795353269374,0,0.12021111111111112,0.31566589317047083,5,2,9,66,0.26656969696969696
2023-12-15 00:00:00+00:00,0.0930040031671524,-0.0534425503787167,0,0.07751851851851851,0.3395339000147986,11,5,27,65,0.1583153846153846
2023-12-16 00:00:00+00:00,0.09705600142478943,0.04356799836190417,0,0.06638666666666666,0.30264788466286874,15,8,45,59,0.33687966101694916
2023-12-17 00:00:00+00:00,0.09309700131416321,-0.04079088415458909,1,0.3427727272727273,0.247868969784074,9,0,11,65,0.28194153846153847
2023-12-18 00:00:00+00:00,0.09203600138425827,-0.011396714340180636,0,0.21820454545454543,0.4559948177204198,16,3,22,50,0.317826
2023-12-19 00:00:00+00:00,0.09029699862003326,-0.01889481005334548,0,0.13054,0.3540317596729746,5,2,15,50,0.425672
2023-12-20 00:00:00+00:00,0.09141699969768524,0.012403524976116964,0,0.15452380952380954,0.3662929946160067,8,3,21,71,0.2593464788732394
2023-12-21 00:00:00+00:00,0.09500399976968765,0.03923777944873019,0,-0.09624444444444445,0.24271461694298055,1,4,9,70,0.20393571428571428
2023-12-22 00:00:00+00:00,0.09519799798727036,0.0020420005268515506,0,0.19543793103448276,0.4447052405918467,16,5,29,66,0.3385590909090909
2023-12-23 00:00:00+00:00,0.09356199949979782,-0.0171852194590405,0,0.0172,0.02979127389018469,1,0,3,42,0.3326976190476191
2023-12-24 00:00:00+00:00,0.09189499914646149,-0.01781706635437963,0,0.33278888888888886,0.33100770929256484,6,1,9,43,0.34228372093023257
2023-12-25 00:00:00+00:00,0.0944489985704422,0.027792583358210443,0,0.16987142857142853,0.4773845714386034,4,2,7,51,0.4483725490196079
2023-12-26 00:00:00+00:00,0.09135600179433823,-0.0327477985253295,0,0.25993499999999997,0.31413249848632846,11,1,20,53,0.4396716981132075
2023-12-27 00:00:00+00:00,0.09357900172472,0.024333375878097474,0,0.07017500000000002,0.3092495277195049,6,3,20,65,0.3493615384615385
2023-12-28 00:00:00+00:00,0.09188400208950043,-0.018113033949707313,0,0.16118000000000002,0.42897177529529845,4,2,10,55,0.34646
2023-12-29 00:00:00+00:00,0.09103800356388092,-0.009207245074016823,0,0.23739523809523808,0.4110474929253137,22,6,42,51,0.30394313725490196
2023-12-30 00:00:00+00:00,0.09014800190925598,-0.009776155229507255,0,0.19185652173913043,0.3486046534218265,12,3,23,46,0.4134260869565218
2023-12-31 00:00:00+00:00,0.08947200328111649,-0.007498764407667835,0,0.2926277777777778,0.3607338073583371,12,1,18,37,0.34864864864864864
2024-01-01 00:00:00+00:00,0.09202399849891663,0.02852283534752087,0,0.21076666666666666,0.3764624748895964,5,2,9,58,0.47633965517241383
2024-01-02 00:00:00+00:00,0.09120400249958038,-0.008910675614099639,0,0.255840625,0.37831995578019967,18,5,32,35,0.2256514285714286
2024-01-03 00:00:00+00:00,0.08204200118780136,-0.10045613197536118,0,0.06210465116279069,0.4291919611335481,18,11,43,61,0.3340688524590164
2024-01-04 00:00:00+00:00,0.08413100242614746,0.025462582678403844,0,0.11754528301886792,0.40034780387041047,23,10,53,56,0.3218446428571428
2024-01-05 00:00:00+00:00,0.08277300000190735,-0.016141521972618866,0,0.06716470588235293,0.38256429678744275,8,4,17,36,0.44403611111111113
2024-01-06 00:00:00+00:00,0.0806640014052391,-0.025479306013067582,0,0.17926969696969697,0.37039217770227045,20,8,33,56,0.4903160714285714
2024-01-07 00:00:00+00:00,0.07822500169277191,-0.030236532653694748,0,0.3807285714285714,0.49427427512224326,5,1,7,61,0.3907344262295082
2024-01-08 00:00:00+00:00,0.08137000352144241,0.040204560698157144,0,0.10174035087719298,0.3768018889566549,24,13,57,85,0.32322823529411765
2024-01-09 00:00:00+00:00,0.07926300168037415,-0.02589408565667617,0,0.05543365384615385,0.4303019072473355,43,25,104,82,0.2636121951219512
2024-01-10 00:00:00+00:00,0.08294200152158737,0.04641509611317396,0,0.12870370370370368,0.33143737949153607,14,5,27,79,0.36972784810126585
2024-01-11 00:00:00+00:00,0.0846249982714653,0.02029124833019491,0,0.056894545454545455,0.36063214890182604,21,14,55,63,0.33626349206349204
2024-01-12 00:00:00+00:00,0.08004599809646606,-0.05410930893387367,0,0.21060526315789474,0.36493674679420773,20,7,38,46,0.27284565217391304
2024-01-13 00:00:00+00:00,0.08092299848794937,0.010956205336166924,0,0.24496666666666667,0.4277126449693377,3,1,6,50,0.283264
2024-01-14 00:00:00+00:00,0.07997799664735794,-0.011677790717705028,0,0.10275675675675676,0.3365915968619509,15,7,37,60,0.34931999999999996
2024-01-15 00:00:00+00:00,0.08112499862909317,0.014341469276764052,0,0.19949830508474578,0.3642420876908016,30,8,59,48,0.3274458333333333
2024-01-16 00:00:00+00:00,0.08130999654531479,0.002280405785489492,0,0.11063076923076923,0.3788932575480654,10,5,26,48,0.381175
2024-01-17 00:00:00+00:00,0.08050499856472015,-0.009900356841683111,0,0.24930714285714287,0.2822164948139193,8,0,14,41,0.2999829268292683
2024-01-18 00:00:00+00:00,0.07798700034618378,-0.031277538828996976,0,0.12592608695652174,0.4257072086192055,10,5,23,65,0.36359538461538465
2024-01-19 00:00:00+00:00,0.07853599637746811,0.007039583890229739,0,0.29945714285714287,0.24782205885905892,5,0,7,42,0.39918571428571425
2024-01-20 00:00:00+00:00,0.08788800239562988,0.11907923053797087,0,0.13133191489361704,0.3750320775302938,19,9,47,72,0.31403055555555554
2024-01-21 00:00:00+00:00,0.08527299761772156,-0.029753831087624638,0,0.23098095238095237,0.3581340028796247,22,4,42,66,0.35527878787878786
2024-01-22 00:00:00+00:00,0.08034099638462067,-0.057837784185927554,0,0.23104,0.36503527135515734,6,1,10,42,0.2278642857142857
2024-01-23 00:00:00+00:00,0.07815399765968323,-0.0272214538449026,0,0.005289999999999994,0.4385476496345636,3,3,10,43,0.22174883720930233
2024-01-24 00:00:00+00:00,0.07901600003242493,0.011029536537532358,0,0.116725,0.3825413176667616,15,5,28,33,0.30069999999999997
2024-01-25 00:00:00+00:00,0.07793299853801727,-0.013706103750673715,0,0.0788448275862069,0.3863210781444875,11,6,29,49,0.3692714285714286
2024-01-26 00:00:00+00:00,0.07990100234746933,0.025252509801634515,0,0.12384166666666667,0.22064368832343628,6,1,12,43,0.3223604651162791
2024-01-27 00:00:00+00:00,0.08014199882745743,0.0030161884445463194,0,0.019800000000000005,0.3409901171588408,2,1,8,39,0.3747589743589744
2024-01-28 00:00:00+00:00,0.07881300151348114,-0.01658303178633669,0,0.17082999999999998,0.3175567236523927,9,2,20,37,0.2647945945945946
2024-01-29 00:00:00+00:00,0.08128900080919266,0.031416127392229765,0,0.09055675675675676,0.3786038684287169,14,6,37,40,0.3081625
2024-01-30 00:00:00+00:00,0.07972300052642822,-0.019264602432994105,0,0.0932408163265306,0.44410020871719147,22,14,49,51,0.19942549019607844
2024-01-31 00:00:00+00:00,0.07876399904489517,-0.01202916943919019,0,0.22918620689655173,0.27309910645370633,19,2,29,37,0.35109459459459463
2024-02-01 00:00:00+00:00,0.07932700216770172,0.0071479753394141365,0,0.04222272727272728,0.3844928002251111,17,14,44,40,0.33755
2024-02-02 00:00:00+00:00,0.07923299819231033,-0.001185018629503487,0,0.008208823529411761,0.39395472080049787,10,11,34,43,0.298006976744186
2024-02-03 00:00:00+00:00,0.07865100353956223,-0.007345356934941649,0,-0.03418301886792453,0.34265163164303514,16,16,53,34,0.31534411764705883
2024-02-04 00:00:00+00:00,0.07823800295591354,-0.005251052943538559,0,0.03626333333333333,0.4253170529214026,10,11,30,37,0.305572972972973
2024-02-05 00:00:00+00:00,0.07822000235319138,-0.00023007492576609945,0,0.10988235294117646,0.3996986315247786,16,7,34,49,0.3725530612244898
2024-02-06 00:00:00+00:00,0.07846599817276001,0.0031449221703916397,0,0.08722428571428573,0.4348120508295324,28,18,70,43,0.43693720930232555
2024-02-07 00:00:00+00:00,0.08010400086641312,0.020875318377352237,0,0.1439181818181818,0.38359301691540554,28,10,55,41,0.2661121951219512
2024-02-08 00:00:00+00:00,0.07987099885940552,-0.0029087436892967222,0,0.03699999999999999,0.45348421141204015,8,8,25,46,0.3039565217391304
2024-02-09 00:00:00+00:00,0.08157899975776672,0.021384494031028156,0,0.06156923076923077,0.37830372102865917,13,9,39,40,0.316875
2024-02-10 00:00:00+00:00,0.08144800364971161,-0.001605757712696665,0,0.21491666666666667,0.39158290873295876,9,4,18,42,0.2619142857142857
2024-02-11 00:00:00+00:00,0.0811930000782013,-0.0031308756517474112,0,0.23638571428571428,0.3668217091254473,10,2,21,46,0.3402565217391304
2024-02-12 00:00:00+00:00,0.08234500139951706,0.014188431517571765,0,0.023569696969696966,0.33618107888908666,8,8,33,37,0.3696675675675676
2024-02-13 00:00:00+00:00,0.08108899742364883,-0.015252947410546613,0,0.11110980392156862,0.3716941889537161,19,9,51,46,0.3742847826086957
2024-02-14 00:00:00+00:00,0.08554299920797348,0.05492732584982818,0,0.209835,0.3508454874712619,8,1,20,66,0.2616090909090909
2024-02-15 00:00:00+00:00,0.08535599708557129,-0.0021860599246414925,0,0.037410000000000006,0.3738948426293516,11,7,30,48,0.32068125
2024-02-16 00:00:00+00:00,0.08601299673318863,0.007697170322533697,0,0.2132232558139535,0.35700718069156223,22,6,43,39,0.4044076923076923
2024-02-17 00:00:00+00:00,0.08359300345182419,-0.02813520483272114,0,0.3166,0.375932177151919,9,1,12,42,0.33488333333333337
2024-02-18 00:00:00+00:00,0.08516599982976913,0.018817320983705033,0,0.17117777777777776,0.3047432971854954,13,2,27,52,0.42447500000000005
2024-02-19 00:00:00+00:00,0.08947700262069702,0.05061882440815313,0,0.12573846153846155,0.3279706695141175,11,4,26,70,0.39759857142857147
2024-02-20 00:00:00+00:00,0.08614300191402435,-0.037260978899861796,0,0.15862222222222222,0.3657545975664908,14,5,27,69,0.38328115942028984
2024-02-21 00:00:00+00:00,0.08461499959230423,-0.017737973924395578,0,0.07018378378378379,0.3368294420965351,12,5,37,59,0.36677966101694914
2024-02-22 00:00:00+00:00,0.0840890035033226,-0.006216345701306025,0,0.0538640625,0.43536512367232433,26,18,64,44,0.3180613636363636
2024-02-23 00:00:00+00:00,0.08443400263786316,0.00410278538414266,0,0.15101481481481482,0.35806763217350773,25,6,54,52,0.30958846153846153
2024-02-24 00:00:00+00:00,0.08615600317716599,0.020394633506698456,0,0.0457375,0.24460401198380094,2,2,8,55,0.3736327272727273
2024-02-25 00:00:00+00:00,0.08609899878501892,-0.0006616415576967682,0,0.08479473684210526,0.3875003511401153,15,10,38,41,0.32663170731707314
2024-02-26 00:00:00+00:00,0.08938899636268616,0.03821179832627375,0,0.17445777777777777,0.38637580004263444,23,10,45,66,0.40876212121212124
2024-02-27 00:00:00+00:00,0.09767100214958191,0.09265128957587132,0,-0.04457222222222222,0.42983426880010467,12,14,36,130,0.3448184615384615
2024-02-28 00:00:00+00:00,0.1165819987654686,0.19361935681713116,0,0.027994736842105253,0.47630517000213235,8,6,19,333,0.3343843843843844
2024-02-29 00:00:00+00:00,0.11718499660491943,0.005172306581086472,0,0.17507567567567567,0.35257596455342893,18,8,37,388,0.358101030927835
2024-03-01 00:00:00+00:00,0.13955700397491455,0.19091187454159075,0,0.06415833333333333,0.36820804600786167,9,4,24,375,0.30307039999999996
2024-03-02 00:00:00+00:00,0.14212100207805634,0.01837240718927058,1,0.06507659574468085,0.37160594089693755,21,12,47,306,0.32169052287581695
2024-03-03 00:00:00+00:00,0.15383599698543549,0.08242972351788636,0,0.07723999999999999,0.3468919951164368,11,6,30,278,0.33326654676258993
2024-03-04 00:00:00+00:00,0.1829099953174591,0.18899346643020243,0,0.22632592592592593,0.3493600760870263,15,2,27,648,0.3744908950617284
2024-03-05 00:00:00+00:00,0.15393699705600739,-0.15840030071164835,0,0.08808933333333334,0.4397671194440805,29,19,75,917,0.2541178844056707
2024-03-06 00:00:00+00:00,0.15779100358486176,0.025036259005703165,0,0.1644606557377049,0.3667743117498318,29,11,61,247,0.27097206477732794
2024-03-07 00:00:00+00:00,0.1581210047006607,0.0020913810565978963,0,0.10856571428571428,0.3790194365731222,29,15,70,183,0.3202273224043716
2024-03-08 00:00:00+00:00,0.16534699499607086,0.0456991170090888,0,0.1984051282051282,0.38300238555579585,23,6,39,229,0.35600786026200876
2024-03-09 00:00:00+00:00,0.17908300459384918,0.08307383873595486,0,0.08642857142857142,0.36969411065059643,12,7,28,221,0.3239742081447964
2024-03-10 00:00:00+00:00,0.16991999745368958,-0.051166257573915686,0,0.07259384615384615,0.34637827086010825,26,13,65,124,0.3811790322580645
2024-03-11 00:00:00+00:00,0.18196499347686768,0.07088627709320017,0,0.1534301886792453,0.33545149803310775,24,5,53,153,0.3122738562091503
2024-03-12 00:00:00+00:00,0.16814400255680084,-0.07595411983362521,0,-0.0624421052631579,0.4555733761455245,19,20,57,151,0.38124238410596023
2024-03-13 00:00:00+00:00,0.1691579967737198,0.006030510761609875,0,-0.0011937500000000073,0.41071659401393107,20,17,48,117,0.28502820512820515
2024-03-14 00:00:00+00:00,0.17733000218868256,0.048309897083342435,0,0.08383818181818183,0.3730716371933338,20,13,55,234,0.3430008547008547
2024-03-15 00:00:00+00:00,0.1632310003042221,-0.07950714323828201,0,0.04267179487179488,0.4435300147671339,37,24,78,108,0.3297009259259259
2024-03-16 00:00:00+00:00,0.14236800372600555,-0.1278127104491984,0,-0.10132619047619047,0.3752792528105059,8,13,42,159,0.3376603773584906
2024-03-17 00:00:00+00:00,0.15433000028133392,0.08402166387294319,0,0.1971380281690141,0.38862627157948365,40,13,71,128,0.30016953125
2024-03-18 00:00:00+00:00,0.14367300271987915,-0.06905331135895632,0,0.0713037037037037,0.4229805713736845,24,14,54,75,0.3733266666666667
2024-03-19 00:00:00+00:00,0.1287280023097992,-0.1040209373170713,0,0.1530642857142857,0.3883370585262817,36,17,70,159,0.21332830188679247
2024-03-20 00:00:00+00:00,0.15218600630760193,0.18222922423163435,0,0.03780212765957446,0.35920704910372986,19,13,47,153,0.3727228758169935
2024-03-21 00:00:00+00:00,0.15529200434684753,0.02040922233656417,0,0.07607049180327868,0.4332945623723205,28,18,61,138,0.3277217391304348
2024-03-22 00:00:00+00:00,0.15270300209522247,-0.01667183228469693,0,0.20919142857142856,0.37341730903785864,19,4,35,137,0.2724737226277372
2024-03-23 00:00:00+00:00,0.16176800429821014,0.0593636148511012,0,0.08293571428571428,0.3843177875978569,16,11,42,180,0.3653227777777778
2024-03-24 00:00:00+00:00,0.17645299434661865,0.09077808749706495,0,0.11724137931034483,0.3800940161114666,11,4,29,158,0.34846455696202533
2024-03-25 00:00:00+00:00,0.17536699771881104,-0.006154594495995425,0,0.12543333333333334,0.37313690577929354,19,10,45,164,0.3480219512195122
2024-03-26 00:00:00+00:00,0.18248599767684937,0.040594867053909134,0,0.07985806451612903,0.3453884069496382,28,14,62,117,0.2792777777777778
2024-03-27 00:00:00+00:00,0.19032999873161316,0.042984125656885475,0,0.11496486486486487,0.44143184651780637,17,7,37,179,0.32874078212290503
2024-03-28 00:00:00+00:00,0.22005599737167358,0.15618136309651032,0,0.1439,0.4233606639948754,27,8,45,588,0.3069816326530612
2024-03-29 00:00:00+00:00,0.21349099278450012,-0.029833336357950713,0,0.046099999999999995,0.4235830934694759,17,12,42,211,0.29848056872037915
2024-03-30 00:00:00+00:00,0.19943399727344513,-0.06584350621875767,0,0.03848611111111112,0.43535586570251616,17,9,36,135,0.32242666666666664
2024-03-31 00:00:00+00:00,0.22006399929523468,0.10344275451443541,1,0.1877625,0.32903142679906516,4,1,8,187,0.40708342245989304
2024-04-01 00:00:00+00:00,0.20556999742984772,-0.0658626668233091,0,0.18221764705882354,0.31026861192218214,10,3,17,159,0.3203100628930817
2024-04-02 00:00:00+00:00,0.1823039948940277,-0.11317800664836664,0,0.04721875,0.40381865016086355,15,8,32,194,0.2680819587628866
2024-04-03 00:00:00+00:00,0.17554700374603271,-0.03706441623466783,0,0.17926363636363637,0.4286869332757457,18,7,33,187,0.2939144385026738
2024-04-04 00:00:00+00:00,0.17992599308490753,0.02494482529140729,0,0.26217407407407406,0.412321405247255,17,4,27,114,0.3074368421052632
2024-04-05 00:00:00+00:00,0.17751799523830414,-0.01338326833892789,0,0.1336372549019608,0.44111182027272144,25,13,51,127,0.3135385826771654
2024-04-06 00:00:00+00:00,0.18595099449157715,0.04750503881002244,0,0.14745818181818182,0.3705787339198919,25,8,55,126,0.2991587301587302
2024-04-07 00:00:00+00:00,0.19910800457000732,0.07075525524562942,0,0.1838475,0.3942271569484287,19,5,40,203,0.35226354679802957
2024-04-08 00:00:00+00:00,0.20263999700546265,0.017739078060086122,0,0.233855,0.2570798963971686,11,0,20,158,0.3619196202531646
2024-04-09 00:00:00+00:00,0.18900099396705627,-0.06730656948262148,0,-0.022847619047619047,0.3939278324634028,11,11,42,126,0.35733174603174606
2024-04-10 00:00:00+00:00,0.19998399913311005,0.058110832834922244,0,0.12856216216216215,0.3628667840585205,16,8,37,151,0.3030437086092715
2024-04-11 00:00:00+00:00,0.19401100277900696,-0.029867371289677203,0,0.10237543859649123,0.38649911350882526,28,13,57,109,0.32045871559633027
2024-04-12 00:00:00+00:00,0.17459699511528015,-0.10006652914340541,0,0.1458423076923077,0.361035782351918,12,4,26,176,0.2507488636363636
